ID,HEIGHT,WEIGHT
1627773_2016,84,260
201166_2016,72,161
203932_2016,81,220
1626151_2016,78,210
203940_2016,82,237
201143_2016,82,245
2744_2016,82,289
202329_2016,81,220
101187_2016,78,220
1626210_2016,80,260
202692_2016,78,214
203518_2016,78,190
203458_2016,85,260
1627816_2016,79,238
201582_2016,86,248
203459_2016,78,215
202087_2016,78,225
101161_2016,81,240
2760_2016,83,273
203083_2016,83,279
2738_2016,78,215
203460_2016,79,210
101106_2016,84,260
1626150_2016,78,213
203094_2016,81,250
203952_2016,80,199
203461_2016,80,235
1626148_2016,79,211
203076_2016,83,253
201627_2016,77,210
201229_2016,80,240
203462_2016,77,205
202620_2016,81,255
203382_2016,82,260
201167_2016,77,210
203085_2016,76,200
202340_2016,74,180
1626253_2016,79,210
1627791_2016,81,235
203463_2016,77,195
2757_2016,75,205
202687_2016,81,255
201933_2016,82,251
1626246_2016,87,290
201628_2016,74,175
1626171_2016,83,246
202711_2016,80,225
2564_2016,80,250
203078_2016,77,207
201148_2016,82,210
101138_2016,80,250
1627742_2016,81,190
201943_2016,73,170
202688_2016,75,195
201575_2016,78,225
203148_2016,73,173
1627362_2016,74,165
1627744_2016,82,230
201572_2016,84,268
203998_2016,81,205
1627854_2016,75,190
1627741_2016,76,214
201228_2016,74,175
203912_2016,77,195
203468_2016,75,190
101139_2016,78,225
1626166_2016,75,185
1627747_2016,79,203
2546_2016,80,240
202718_2016,82,230
101112_2016,83,255
1626184_2016,74,185
1627767_2016,81,220
1627778_2016,82,245
2365_2016,82,245
1626191_2016,81,215
101108_2016,72,175
1626174_2016,83,220
203991_2016,82,240
203469_2016,84,240
202332_2016,83,250
201147_2016,81,186
202709_2016,75,190
201584_2016,77,200
1626245_2016,81,266
1626156_2016,77,195
201571_2016,72,183
2563_2016,78,225
1627745_2016,84,245
203081_2016,75,195
204014_2016,82,228
1627849_2016,83,245
201568_2016,82,225
201980_2016,78,215
201967_2016,80,230
203957_2016,78,190
1627863_2016,79,215
203967_2016,82,223
201589_2016,81,235
201954_2016,72,175
1626199_2016,78,205
101135_2016,81,245
1628021_2016,76,209
2561_2016,81,250
202722_2016,82,210
201599_2016,83,265
202732_2016,78,209
1627761_2016,78,210
201942_2016,79,220
202326_2016,83,270
201960_2016,80,212
1627749_2016,77,170
1626153_2016,77,190
1627743_2016,73,201
203471_2016,73,172
1627756_2016,78,212
101114_2016,75,200
202324_2016,82,265
1627884_2016,79,190
201565_2016,75,190
202682_2016,80,240
1626164_2016,78,206
2734_2016,75,185
203473_2016,84,245
1627738_2016,82,240
1627754_2016,83,255
203079_2016,76,220
1717_2016,84,245
1627734_2016,83,240
202700_2016,84,222
1627827_2016,80,220
203926_2016,80,219
1627733_2016,85,225
203110_2016,79,230
2730_2016,83,265
203939_2016,83,240
2548_2016,76,220
202734_2016,76,191
202334_2016,82,245
204002_2016,87,265
203901_2016,76,185
202407_2016,79,215
1626144_2016,77,200
202683_2016,83,245
202339_2016,73,205
201569_2016,76,215
101141_2016,82,235
203095_2016,79,205
202323_2016,79,220
1626163_2016,84,240
1627832_2016,72,195
202066_2016,78,195
203914_2016,76,210
202390_2016,76,210
1627780_2016,75,190
201588_2016,75,188
1627777_2016,80,230
1627834_2016,85,240
101123_2016,79,205
201945_2016,77,215
203507_2016,83,222
203922_2016,78,222
201609_2016,75,190
202330_2016,80,226
203476_2016,83,240
202328_2016,83,265
202349_2016,78,217
203084_2016,80,225
202355_2016,84,265
1627740_2016,83,245
203138_2016,80,206
203546_2016,75,175
101133_2016,83,262
202697_2016,77,220
203477_2016,72,201
1627819_2016,75,170
202738_2016,69,185
1627785_2016,76,213
202397_2016,72,175
1627826_2016,85,240
200826_2016,72,185
200755_2016,76,190
2747_2016,78,225
203210_2016,81,227
201580_2016,84,270
203953_2016,80,250
203109_2016,78,235
1626143_2016,83,275
1627774_2016,81,210
1627751_2016,84,230
2037_2016,77,195
1627750_2016,76,207
2749_2016,72,190
203516_2016,79,210
201935_2016,77,220
201949_2016,81,250
2592_2016,80,218
203949_2016,81,240
203923_2016,78,215
201162_2016,79,225
203096_2016,81,260
204067_2016,79,218
1626185_2016,82,239
203950_2016,81,255
101127_2016,75,200
1627784_2016,81,221
201160_2016,84,240
1891_2016,74,185
1627759_2016,79,225
201145_2016,81,235
201952_2016,74,186
203481_2016,84,231
203924_2016,81,210
203087_2016,77,185
202391_2016,75,200
1626170_2016,76,198
201573_2016,75,200
202710_2016,79,231
201149_2016,83,230
201975_2016,76,210
203925_2016,78,219
204060_2016,80,226
2207_2016,79,240
1626202_2016,74,180
201202_2016,81,245
1627762_2016,81,235
203954_2016,84,250
203530_2016,83,220
203089_2016,83,229
203098_2016,76,215
101249_2016,71,166
202322_2016,76,210
203948_2016,81,257
202720_2016,82,228
201973_2016,82,231
202685_2016,84,255
1626780_2016,74,185
203613_2016,78,195
203903_2016,77,194
202348_2016,77,195
200770_2016,74,180
201941_2016,82,240
203895_2016,77,179
1626175_2016,80,235
101181_2016,75,200
203962_2016,79,230
201177_2016,82,240
1626196_2016,78,200
201950_2016,76,205
1627823_2016,81,230
203944_2016,81,250
1626147_2016,78,228
203120_2016,84,255
202712_2016,82,225
203200_2016,78,185
1626159_2016,79,225
203994_2016,84,280
203909_2016,78,205
1626157_2016,84,244
202695_2016,79,230
1627770_2016,69,176
203482_2016,84,238
1626162_2016,79,205
202689_2016,73,184
202702_2016,80,228
203145_2016,77,201
203484_2016,77,205
201142_2016,81,240
201567_2016,82,251
202338_2016,82,278
1626172_2016,81,220
203114_2016,80,234
202691_2016,79,215
201585_2016,84,265
1627739_2016,76,205
2743_2016,81,235
204001_2016,87,240
203937_2016,81,230
2594_2016,79,212
200768_2016,72,205
203124_2016,82,250
202713_2016,80,228
1627787_2016,82,240
202681_2016,75,193
200746_2016,83,260
203934_2016,77,225
202362_2016,77,230
202498_2016,80,235
204038_2016,74,200
1626204_2016,81,230
202336_2016,83,230
202730_2016,81,260
2544_2016,80,250
2571_2016,75,194
101150_2016,73,175
201601_2016,80,230
203512_2016,84,220
2449_2016,81,241
202337_2016,81,225
2736_2016,81,220
1627781_2016,78,205
1627763_2016,77,215
1627098_2016,75,190
1627736_2016,77,196
202412_2016,77,185
1938_2016,78,205
201188_2016,85,255
1626273_2016,75,200
101162_2016,83,240
201158_2016,77,210
1627875_2016,78,220
202694_2016,81,235
203935_2016,76,220
201977_2016,76,205
1626209_2016,80,218
202693_2016,82,245
1627737_2016,82,233
201578_2016,82,255
1627850_2016,84,250
101107_2016,81,237
203486_2016,83,255
2440_2016,79,226
203521_2016,76,198
203090_2016,81,220
1626254_2016,81,200
1897_2016,79,260
203086_2016,85,255
201563_2016,82,235
203487_2016,78,190
1627771_2016,79,200
203077_2016,79,232
201144_2016,73,175
2399_2016,81,230
2034_2016,80,218
203488_2016,83,240
203118_2016,80,237
1627861_2016,84,260
203101_2016,83,249
1627851_2016,81,215
203141_2016,81,245
101145_2016,75,185
1626149_2016,80,240
1626167_2016,83,243
202357_2016,82,225
2403_2016,83,250
203457_2016,83,228
2555_2016,82,255
201156_2016,79,210
201587_2016,80,200
1627852_2016,80,215
1627879_2016,76,180
203917_2016,78,205
203999_2016,82,250
202703_2016,82,238
202696_2016,84,260
203943_2016,81,245
1626181_2016,76,215
202708_2016,74,175
1627855_2016,80,204
201600_2016,84,255
201956_2016,81,225
203490_2016,80,198
200782_2016,78,245
1627783_2016,81,230
1626192_2016,77,210
1627868_2016,78,203
201976_2016,73,185
1627775_2016,79,185
202335_2016,81,235
201988_2016,72,185
2200_2016,84,250
202331_2016,81,220
200794_2016,80,246
1718_2016,79,235
1627835_2016,80,210
203510_2016,70,180
203112_2016,79,240
1626188_2016,74,179
1626154_2016,77,185
200765_2016,73,186
1626176_2016,81,250
201196_2016,75,190
200751_2016,76,218
1626173_2016,78,202
203526_2016,73,179
101109_2016,73,205
203493_2016,79,205
202704_2016,75,208
202130_2016,78,205
2210_2016,79,233
1626158_2016,82,245
201937_2016,76,190
203496_2016,81,215
201577_2016,84,255
203918_2016,80,206
203585_2016,76,205
201155_2016,77,205
1627758_2016,76,220
1626178_2016,79,214
101179_2016,74,190
201579_2016,86,270
200752_2016,80,230
203497_2016,85,245
201566_2016,75,200
201583_2016,82,240
203527_2016,83,230
1626257_2016,86,245
1626155_2016,81,230
2756_2016,79,195
203930_2016,76,219
203902_2016,75,190
201586_2016,82,235
200771_2016,75,176
203552_2016,74,185
203498_2016,78,223
203894_2016,73,175
2733_2016,79,192
1627848_2016,81,255
1627815_2016,78,200
202714_2016,75,203
1627746_2016,83,225
203524_2016,79,225
203915_2016,78,200
201150_2016,85,245
1626169_2016,79,245
201939_2016,75,190
1627757_2016,84,240
200779_2016,82,225
203500_2016,84,255
204456_2016,74,200
203933_2016,80,225
201959_2016,81,236
204028_2016,81,250
1627752_2016,80,220
203093_2016,81,255
203082_2016,79,195
1626179_2016,74,190
200757_2016,79,220
201152_2016,80,221
203080_2016,82,237
1627748_2016,85,223
201168_2016,83,245
204025_2016,73,170
203501_2016,78,205
1627817_2016,78,190
202389_2016,85,275
1627789_2016,78,205
202699_2016,81,235
203107_2016,79,210
201962_2016,74,195
2754_2016,76,213
2225_2016,74,185
203503_2016,79,217
1626203_2016,78,226
2772_2016,80,215
202344_2016,80,228
203504_2016,73,191
1626168_2016,82,234
202684_2016,81,238
203584_2016,76,205
1627786_2016,79,210
201951_2016,71,195
203898_2016,75,194
204020_2016,76,186
1627755_2016,70,150
203092_2016,84,253
201936_2016,78,220
2199_2016,85,240
1626145_2016,74,195
2617_2016,80,235
203506_2016,76,210
1713_2016,78,220
1627735_2016,76,202
201961_2016,76,200
1627782_2016,77,230
202325_2016,79,215
202083_2016,77,220
203115_2016,78,175
1626161_2016,84,240
203186_2016,83,245
1626195_2016,83,240
201163_2016,80,225
1627812_2016,72,180
203897_2016,77,185
2216_2016,81,260
2585_2016,83,275
201166_2017,72,161
203932_2017,81,220
1626151_2017,78,210
1628935_2017,75,183
1627846_2017,78,230
203940_2017,82,237
201143_2017,82,245
2744_2017,82,280
202329_2017,81,220
1626210_2017,80,265
202692_2017,78,214
1628409_2017,81,235
203518_2017,78,190
1627936_2017,77,186
203458_2017,85,250
1627816_2017,81,235
1628035_2017,80,215
203459_2017,78,215
101161_2017,81,240
203083_2017,83,279
2738_2017,78,215
201281_2017,75,190
203460_2017,79,210
101106_2017,84,260
1626150_2017,78,213
1628510_2017,79,210
203952_2017,80,202
1627790_2017,83,250
1626148_2017,79,224
203076_2017,82,253
201229_2017,80,240
1628469_2017,76,197
1628499_2017,78,195
203382_2017,82,260
201167_2017,77,210
203085_2017,76,200
202340_2017,74,180
1628389_2017,82,255
203463_2017,77,195
1628500_2017,80,220
1627732_2017,82,230
202687_2017,81,255
201933_2017,82,251
1626246_2017,87,290
201628_2017,74,175
1626171_2017,83,248
203992_2017,78,205
202711_2017,80,230
203078_2017,77,207
201148_2017,82,235
1627742_2017,81,190
201943_2017,73,170
203464_2017,76,200
1627362_2017,74,165
1627744_2017,82,230
201572_2017,84,268
203998_2017,81,205
1627854_2017,75,190
1627741_2017,76,214
203710_2017,77,230
203468_2017,75,190
101139_2017,78,225
1628403_2017,80,250
1626166_2017,75,185
1627747_2017,79,203
2546_2017,80,240
1626224_2017,80,215
202718_2017,82,230
101112_2017,83,255
1628429_2017,77,196
1627767_2017,81,220
1627778_2017,82,245
1628449_2017,82,200
1626191_2017,81,215
101108_2017,72,175
203991_2017,82,240
203469_2017,84,240
202332_2017,83,253
201147_2017,81,186
202709_2017,75,190
201584_2017,77,200
1626245_2017,81,280
1626156_2017,77,195
201571_2017,72,183
1628391_2017,82,236
1626177_2017,84,255
1627745_2017,84,245
203081_2017,75,195
2863_2017,78,217
1627814_2017,78,210
1628422_2017,77,210
1627772_2017,79,195
1628464_2017,81,243
201568_2017,82,225
201980_2017,78,215
201967_2017,80,230
203957_2017,78,190
1627863_2017,79,220
203967_2017,82,223
203121_2017,80,225
201589_2017,81,235
201954_2017,74,185
1626199_2017,78,220
1628021_2017,76,209
204065_2017,71,165
2561_2017,81,250
202722_2017,82,210
1628432_2017,78,210
1628368_2017,75,175
201599_2017,83,265
202732_2017,78,209
1627761_2017,78,210
201942_2017,79,220
202326_2017,83,270
201960_2017,80,215
1627749_2017,77,170
1626153_2017,77,190
1627743_2017,73,201
203471_2017,73,172
1628372_2017,75,195
1627756_2017,78,214
202324_2017,82,265
1627884_2017,79,200
201565_2017,75,190
1628476_2017,73,185
1628401_2017,76,190
202682_2017,80,240
1626164_2017,78,210
2734_2017,75,185
1628421_2017,80,200
203473_2017,84,245
1627738_2017,83,237
1628415_2017,78,220
203079_2017,76,215
1717_2017,84,245
1627734_2017,82,252
1628378_2017,75,215
1627827_2017,80,220
203926_2017,80,219
1627733_2017,85,225
203110_2017,79,230
1628407_2017,79,221
202779_2017,75,190
2730_2017,83,265
203939_2017,83,240
2548_2017,76,220
202734_2017,76,191
202334_2017,82,245
1628410_2017,77,188
202327_2017,82,245
203901_2017,76,185
2731_2017,82,255
1626144_2017,77,200
202683_2017,83,245
202339_2017,73,205
201569_2017,76,215
203961_2017,82,238
1628571_2017,80,225
101141_2017,82,235
203095_2017,79,205
202323_2017,79,220
1626163_2017,84,242
1628412_2017,71,190
1628373_2017,77,190
1627832_2017,72,195
1627788_2017,79,190
202066_2017,78,195
203914_2017,76,210
1627780_2017,75,190
201588_2017,75,188
1627777_2017,78,231
1627834_2017,85,240
101123_2017,79,205
1628492_2017,76,185
203507_2017,83,222
203922_2017,79,215
201609_2017,75,190
202330_2017,80,226
203476_2017,83,251
202328_2017,83,265
1627824_2017,80,260
203084_2017,80,225
202355_2017,84,265
1627740_2017,83,245
203546_2017,75,175
101133_2017,83,262
1628387_2017,82,262
202697_2017,77,220
203477_2017,72,201
1628439_2017,81,242
1627819_2017,75,170
202738_2017,69,185
1627785_2017,76,213
202397_2017,72,175
1628397_2017,82,220
1627826_2017,85,240
200826_2017,72,185
200755_2017,76,200
2747_2017,78,225
203960_2017,81,207
203210_2017,81,227
201580_2017,84,270
1628444_2017,78,198
203953_2017,80,250
204022_2017,82,274
1626643_2017,73,200
1628451_2017,80,223
203109_2017,78,235
1626143_2017,83,260
1627774_2017,81,210
1627751_2017,84,230
1627883_2017,79,220
2037_2017,77,185
1627750_2017,76,207
1627866_2017,80,260
2749_2017,72,190
1628503_2017,79,213
203516_2017,79,210
201935_2017,77,220
201949_2017,80,240
203949_2017,81,230
1627821_2017,81,202
203923_2017,78,215
203966_2017,79,229
201162_2017,79,240
204067_2017,79,218
1626185_2017,82,239
1628386_2017,83,234
101127_2017,75,200
201160_2017,84,240
1891_2017,74,185
1628393_2017,72,190
1627759_2017,79,225
1628537_2017,77,185
1628369_2017,80,205
201145_2017,81,235
201952_2017,74,189
203481_2017,84,230
203924_2017,81,220
202379_2017,81,200
203087_2017,77,185
202391_2017,75,200
1626170_2017,76,198
201573_2017,75,200
202710_2017,80,236
201149_2017,83,230
201975_2017,76,210
203925_2017,78,219
204060_2017,80,226
2207_2017,79,240
1626202_2017,74,185
1627762_2017,81,235
203954_2017,84,250
203530_2017,83,260
1628381_2017,82,235
203089_2017,83,229
204066_2017,77,205
202322_2017,76,210
1628405_2017,82,230
203948_2017,81,257
202720_2017,82,228
201973_2017,82,231
202685_2017,84,255
1626780_2017,74,185
1628371_2017,82,210
203613_2017,78,195
1628395_2017,81,224
203903_2017,77,194
202348_2017,77,195
1626175_2017,80,235
101181_2017,75,200
1627982_2017,73,180
1628404_2017,77,215
203962_2017,79,230
1628367_2017,80,200
203705_2017,73,160
201177_2017,82,240
1626196_2017,78,200
2746_2017,81,225
201950_2017,76,205
1627823_2017,81,230
203944_2017,81,250
202933_2017,78,200
1626147_2017,78,230
203200_2017,78,185
1628382_2017,80,210
1628383_2017,84,236
1626159_2017,79,225
203994_2017,84,280
1628443_2017,75,200
1626157_2017,84,248
202695_2017,79,230
1627770_2017,69,176
203482_2017,84,245
1626162_2017,79,205
202689_2017,73,184
2570_2017,82,270
202702_2017,80,228
203145_2017,77,201
203484_2017,77,205
201142_2017,81,240
201567_2017,82,251
1626172_2017,81,220
203920_2017,81,220
203114_2017,80,234
202691_2017,79,215
1628424_2017,76,170
201585_2017,84,265
1627739_2017,76,210
204001_2017,87,240
203937_2017,81,230
1627858_2017,78,210
2594_2017,79,212
1628398_2017,81,220
200768_2017,72,205
203124_2017,82,250
202713_2017,80,228
202681_2017,75,193
200746_2017,83,260
202362_2017,78,230
202498_2017,80,235
204038_2017,74,200
203580_2017,74,180
1626204_2017,81,230
1628374_2017,84,230
2544_2017,80,250
1628506_2017,74,190
1628366_2017,78,190
203485_2017,77,189
101150_2017,73,175
201601_2017,80,230
203512_2017,84,220
1626242_2017,79,200
202337_2017,81,225
1628379_2017,77,200
1628436_2017,85,250
2736_2017,81,220
1627781_2017,78,205
1627763_2017,77,215
1627098_2017,75,190
1626259_2017,79,210
1627736_2017,77,196
1628370_2017,75,200
1628493_2017,82,230
1938_2017,78,205
202705_2017,77,200
201188_2017,85,255
101162_2017,83,240
201158_2017,77,210
1627875_2017,77,226
202694_2017,81,235
1627779_2017,72,164
203935_2017,76,220
201596_2017,74,190
1626209_2017,80,218
203900_2017,75,190
1628365_2017,76,200
202693_2017,82,245
1627737_2017,82,240
203104_2017,74,189
201578_2017,82,255
1627850_2017,84,250
101107_2017,81,237
203486_2017,83,255
1627856_2017,82,240
1628475_2017,77,210
203521_2017,76,198
203090_2017,81,220
1628467_2017,83,220
203086_2017,85,255
201563_2017,81,235
203487_2017,78,190
203077_2017,79,232
201144_2017,73,175
1628455_2017,73,195
203488_2017,83,240
203118_2017,80,237
203101_2017,83,249
1628462_2017,77,196
1628495_2017,76,180
1627851_2017,81,215
203141_2017,81,242
1628420_2017,75,175
1626149_2017,80,240
1627988_2017,78,210
1626167_2017,83,255
203489_2017,76,190
1628513_2017,76,218
202357_2017,82,230
2403_2017,83,250
203457_2017,83,220
2555_2017,82,255
201156_2017,79,210
201587_2017,80,200
1627852_2017,80,195
1628502_2017,79,254
203917_2017,78,205
203999_2017,82,250
202703_2017,82,238
202696_2017,84,260
203943_2017,81,245
1626181_2017,76,215
1628384_2017,80,235
1627855_2017,80,215
204179_2017,81,220
201600_2017,84,255
201956_2017,81,225
203490_2017,80,198
200782_2017,78,245
1628408_2017,78,205
1627783_2017,81,230
1626192_2017,77,210
201976_2017,73,185
1627775_2017,79,185
202335_2017,81,230
201988_2017,72,185
2200_2017,84,250
202331_2017,81,220
200794_2017,80,246
1627835_2017,80,226
203112_2017,79,240
202347_2017,79,225
1626188_2017,74,179
1626154_2017,77,185
200765_2017,73,186
201196_2017,75,190
1626173_2017,78,202
203526_2017,73,179
101109_2017,73,205
203493_2017,79,205
203687_2017,77,210
202704_2017,75,208
2210_2017,79,233
1626158_2017,82,235
201937_2017,76,190
203496_2017,81,225
201577_2017,84,277
203918_2017,80,206
203585_2017,76,200
1628681_2017,76,205
1627758_2017,76,220
1626178_2017,79,214
1626220_2017,78,226
200752_2017,80,230
203497_2017,85,245
201566_2017,75,200
201583_2017,82,240
1627853_2017,75,195
1626257_2017,86,235
1626155_2017,81,230
203816_2017,79,204
203930_2017,76,212
1628400_2017,79,235
201586_2017,82,235
203498_2017,78,221
203894_2017,73,175
203499_2017,71,175
1627885_2017,76,190
2733_2017,79,192
202714_2017,75,203
1628414_2017,77,215
1627746_2017,83,225
203524_2017,79,225
203915_2017,78,200
1626169_2017,79,245
201939_2017,75,190
1628425_2017,78,230
203500_2017,84,255
1628388_2017,82,230
204456_2017,74,190
203933_2017,80,215
201959_2017,81,235
204028_2017,81,250
1627752_2017,80,220
1628390_2017,79,184
203082_2017,79,206
1626179_2017,74,190
200757_2017,79,220
201152_2017,80,230
1628418_2017,82,248
1627748_2017,85,223
204025_2017,73,170
203501_2017,78,205
1627817_2017,78,190
202389_2017,85,275
1627789_2017,78,200
202699_2017,81,235
203107_2017,79,210
2754_2017,76,213
1628396_2017,82,248
2225_2017,74,185
203503_2017,79,221
1628470_2017,78,215
204037_2017,82,225
1626203_2017,77,219
2772_2017,80,215
202344_2017,80,228
203504_2017,73,191
1626168_2017,82,234
203590_2017,77,220
202684_2017,81,238
203584_2017,76,205
1627786_2017,79,218
1628463_2017,81,238
1628416_2017,77,183
203898_2017,75,194
204020_2017,76,190
1628399_2017,81,220
1627755_2017,70,160
203092_2017,84,250
201936_2017,78,220
1627820_2017,77,198
2199_2017,85,240
1626145_2017,74,184
2617_2017,80,235
203505_2017,77,200
203506_2017,76,210
1713_2017,78,220
1626205_2017,80,208
1627735_2017,76,202
1627215_2017,75,180
201961_2017,77,200
1627782_2017,77,230
1628411_2017,79,195
202325_2017,79,215
202083_2017,77,220
203115_2017,78,190
1626161_2017,84,240
203186_2017,83,245
1626195_2017,83,240
201163_2017,81,225
204098_2017,76,173
1628504_2017,76,208
202918_2017,77,205
1627812_2017,72,180
1628380_2017,84,230
203897_2017,77,185
2216_2017,81,250
2585_2017,83,270
1627753_2017,85,210
203932_2018,81,220
1628988_2018,73,185
1627846_2018,78,225
201143_2018,82,245
202329_2018,81,220
1626210_2018,80,265
202692_2018,78,214
203518_2018,78,200
1627936_2018,77,186
203458_2018,85,250
1627816_2018,81,235
1628035_2018,80,215
1628993_2018,81,212
203459_2018,78,212
1629019_2018,77,200
1628518_2018,81,222
101161_2018,81,240
203083_2018,83,279
2738_2018,78,215
201281_2018,75,190
101106_2018,84,260
1626150_2018,78,213
203952_2018,80,194
1629014_2018,76,185
1629116_2018,82,245
1627790_2018,83,254
203076_2018,82,253
201229_2018,80,250
1628469_2018,76,192
203382_2018,82,260
203085_2018,76,200
202340_2018,74,180
1629168_2018,79,200
1628389_2018,82,255
203463_2018,77,201
1627732_2018,82,230
1628656_2018,78,215
202687_2018,81,255
201933_2018,82,250
1626246_2018,87,290
1626171_2018,83,250
203992_2018,78,205
202711_2018,80,216
1629045_2018,78,225
202954_2018,76,210
203078_2018,77,207
1629164_2018,74,180
1627742_2018,81,190
202688_2018,75,195
1629102_2018,77,184
201572_2018,84,270
1628971_2018,77,202
203998_2018,81,218
1627854_2018,75,190
1627741_2018,76,214
203710_2018,77,226
203468_2018,75,190
101139_2018,78,220
1628403_2018,81,250
1629244_2018,80,225
1626166_2018,75,190
1627747_2018,79,204
2546_2018,80,240
1626224_2018,80,215
1628990_2018,79,197
202718_2018,82,230
101112_2018,84,255
1626184_2018,74,185
1627767_2018,81,220
1629002_2018,82,225
1628449_2018,82,200
1629185_2018,72,175
101108_2018,72,175
1626174_2018,82,214
203991_2018,82,240
203469_2018,84,240
1629012_2018,74,190
201147_2018,81,186
202709_2018,75,193
201584_2018,77,215
1626245_2018,82,265
1626156_2018,77,198
201571_2018,72,183
1628391_2018,82,231
203474_2018,77,188
1629541_2018,76,200
1627745_2018,84,245
203081_2018,75,195
1627814_2018,78,210
1628422_2018,78,210
1627772_2018,79,195
1628464_2018,80,243
201568_2018,82,225
201980_2018,78,215
201967_2018,80,230
203957_2018,78,190
1627863_2018,79,220
203967_2018,82,223
203121_2018,80,225
201954_2018,72,175
1629133_2018,75,185
1628021_2018,76,219
202722_2018,82,225
1628432_2018,77,208
1628368_2018,75,175
1629001_2018,76,200
201599_2018,83,265
1627761_2018,78,210
201942_2018,79,220
202326_2018,83,270
201960_2018,80,215
1629152_2018,78,200
1629028_2018,85,250
1626153_2018,77,183
1627743_2018,73,201
1629061_2018,79,200
203471_2018,73,172
1628372_2018,75,195
1629126_2018,77,245
202324_2018,82,265
1627884_2018,79,200
201565_2018,75,200
1628401_2018,76,190
1626164_2018,78,210
2734_2018,75,185
1628421_2018,80,200
1628984_2018,74,185
203473_2018,84,245
1627738_2018,83,237
1628415_2018,78,220
203079_2018,76,215
1717_2018,84,245
1627734_2018,83,240
202700_2018,84,220
1628378_2018,75,215
1628978_2018,76,203
1629055_2018,80,215
1627827_2018,80,220
203926_2018,80,225
1627733_2018,85,225
203110_2018,79,230
1629234_2018,82,245
1629130_2018,80,210
1628605_2018,76,195
1628407_2018,79,221
2730_2018,83,265
203939_2018,83,240
2548_2018,76,220
1629058_2018,81,208
202734_2018,76,191
202334_2018,82,225
1628410_2018,78,176
202327_2018,82,245
203901_2018,76,185
1629059_2018,75,190
1629150_2018,81,220
1626144_2018,77,200
202683_2018,83,250
202339_2018,73,205
201569_2018,76,215
203961_2018,82,238
101141_2018,82,235
203095_2018,79,205
202323_2018,79,220
1628402_2018,75,205
1626163_2018,84,242
1628412_2018,71,190
1628373_2018,78,200
1627832_2018,72,195
1627788_2018,79,190
202066_2018,78,195
1629109_2018,80,225
203914_2018,76,210
1627780_2018,75,190
1629018_2018,78,205
201588_2018,75,188
1628994_2018,78,220
1627777_2018,80,230
101123_2018,79,205
203507_2018,83,242
203922_2018,78,222
201609_2018,75,190
202330_2018,80,225
203476_2018,83,252
1628960_2018,77,198
202328_2018,83,265
1627824_2018,80,260
1628977_2018,77,198
203084_2018,80,225
1628385_2018,82,240
202355_2018,84,265
1629312_2018,79,220
1627740_2018,83,245
203546_2018,75,175
101133_2018,83,262
1628387_2018,82,250
202697_2018,77,215
1629067_2018,80,180
1629353_2018,84,260
1628515_2018,75,215
203477_2018,72,200
1628392_2018,84,249
1628439_2018,81,230
202738_2018,69,185
202397_2018,72,175
1628397_2018,82,220
1627826_2018,85,240
200826_2018,72,185
1629122_2018,77,205
200755_2018,76,200
2747_2018,78,225
203960_2018,81,215
203210_2018,81,227
201580_2018,84,270
203953_2018,80,245
1628980_2018,78,210
203109_2018,78,235
1626143_2018,83,275
1627774_2018,81,215
1627751_2018,84,230
1628973_2018,75,190
1627883_2018,79,220
2037_2018,77,185
1627750_2018,76,207
203516_2018,79,210
201935_2018,77,220
201949_2018,80,240
203263_2018,79,208
201162_2018,79,237
1629123_2018,75,227
1626185_2018,82,239
1628991_2018,83,242
1628417_2018,80,220
1629020_2018,81,214
1628386_2018,83,237
201160_2018,84,240
1628393_2018,72,190
1629121_2018,74,190
1627759_2018,79,220
1628537_2018,77,185
1628369_2018,80,208
201145_2018,81,235
201952_2018,74,195
1629203_2018,77,174
203924_2018,81,220
203087_2018,77,185
202391_2018,75,200
1626170_2018,76,205
1629010_2018,77,190
201573_2018,75,200
1628975_2018,74,196
202690_2018,74,195
202710_2018,80,232
201149_2018,83,230
201975_2018,76,210
1629147_2018,75,190
203925_2018,78,218
204060_2018,80,226
203954_2018,84,250
1628381_2018,82,235
203089_2018,83,219
204066_2018,77,205
203098_2018,76,215
202322_2018,76,210
1628405_2018,82,230
1629140_2018,81,228
202720_2018,82,228
1628413_2018,82,220
201973_2018,82,231
202685_2018,84,265
1628371_2018,82,210
203613_2018,78,195
1628395_2018,81,224
203903_2018,77,194
1628070_2018,76,210
203895_2018,77,179
1626296_2018,76,187
101181_2018,75,200
1628404_2018,77,215
1628367_2018,80,200
1629006_2018,76,212
1626196_2018,78,200
201950_2018,76,205
1627823_2018,81,230
1627395_2018,80,209
203944_2018,81,250
1626147_2018,78,230
203200_2018,78,181
1628382_2018,80,210
1628383_2018,84,241
1626159_2018,79,225
203994_2018,84,275
1628443_2018,75,200
203564_2018,73,195
1626157_2018,84,248
202695_2018,79,230
1628966_2018,81,229
203482_2018,84,240
1626162_2018,79,205
202689_2018,73,184
202702_2018,80,220
1629026_2018,79,210
203145_2018,77,201
203484_2018,77,205
201142_2018,81,240
1628989_2018,79,190
1628995_2018,81,215
201567_2018,82,251
1626172_2018,81,220
203920_2018,81,233
203114_2018,80,222
1629017_2018,75,210
202691_2018,79,215
1628424_2018,76,170
201585_2018,84,245
1628961_2018,82,200
1627739_2018,76,205
203937_2018,81,230
2594_2018,79,212
1628398_2018,81,220
200768_2018,73,196
203124_2018,82,250
202681_2018,75,193
200746_2018,83,260
202362_2018,78,230
202498_2018,80,240
1629013_2018,77,188
204038_2018,74,200
1626204_2018,81,230
1628374_2018,84,240
2544_2018,80,250
1629022_2018,77,205
1628366_2018,78,190
203485_2018,77,189
101150_2018,73,175
201601_2018,80,230
1629029_2018,79,218
1628379_2018,77,206
1628436_2018,85,250
2736_2018,81,237
1627781_2018,78,205
1627763_2018,77,229
1626259_2018,79,210
1627736_2018,77,195
1628370_2018,75,200
202705_2018,77,200
201188_2018,85,255
101162_2018,83,240
201158_2018,77,210
1629094_2018,79,249
202694_2018,81,235
203935_2018,76,220
1626209_2018,80,225
1628365_2018,76,200
202693_2018,82,245
1627737_2018,82,240
1628963_2018,83,234
101107_2018,81,237
203486_2018,83,235
203521_2018,76,200
203090_2018,81,220
1628467_2018,83,240
1628982_2018,78,200
203086_2018,85,255
201563_2018,81,235
203487_2018,78,190
203077_2018,79,232
1628969_2018,79,210
201144_2018,73,175
203488_2018,83,240
203118_2018,80,237
1628970_2018,79,225
203101_2018,83,249
1628462_2018,77,196
1628249_2018,78,225
1629011_2018,85,240
1628964_2018,84,221
1628420_2018,75,175
1626149_2018,80,240
1629021_2018,83,245
1626167_2018,83,250
1628513_2018,76,218
202357_2018,82,234
2403_2018,83,250
203457_2018,83,220
201156_2018,79,210
201587_2018,80,200
203917_2018,78,205
203999_2018,84,250
202703_2018,82,250
202696_2018,84,260
203943_2018,81,250
1626181_2018,76,215
1628384_2018,80,232
1627855_2018,80,205
1629016_2018,81,245
201956_2018,81,225
203490_2018,80,198
200782_2018,78,245
1628408_2018,78,205
1627783_2018,81,230
1626192_2018,76,209
201976_2018,73,185
1627775_2018,79,185
202335_2018,81,230
201988_2018,72,180
2200_2018,84,250
202331_2018,81,220
200794_2018,80,246
203112_2018,79,240
202347_2018,79,230
1626188_2018,74,179
1626154_2018,77,185
200765_2018,73,186
203526_2018,73,179
1628959_2018,77,225
1629034_2018,82,215
101109_2018,73,205
203493_2018,79,205
202704_2018,75,208
1626158_2018,82,235
201937_2018,76,190
203496_2018,81,225
1629057_2018,82,240
201577_2018,84,275
1629066_2018,81,210
203918_2018,80,206
203585_2018,76,200
1627758_2018,76,220
1626178_2018,79,217
1626220_2018,78,226
200752_2018,80,230
203497_2018,85,245
201566_2018,75,200
201583_2018,82,240
1627853_2018,75,200
1629151_2018,79,215
1626257_2018,86,235
1626155_2018,81,230
203159_2018,73,205
1628400_2018,79,241
201586_2018,82,235
203552_2018,74,185
203894_2018,73,180
1628983_2018,78,181
1629003_2018,78,207
1627885_2018,76,190
2733_2018,79,192
202714_2018,75,203
1628414_2018,77,215
1627746_2018,83,235
203524_2018,79,225
203915_2018,78,210
1626169_2018,79,245
201939_2018,75,190
1628425_2018,78,232
203500_2018,84,265
1629004_2018,80,205
1628388_2018,82,225
204456_2018,74,190
203933_2018,80,215
1628769_2018,77,190
201959_2018,81,232
1627752_2018,80,220
1628390_2018,79,190
203093_2018,81,252
203082_2018,79,206
1626179_2018,73,190
200757_2018,79,220
201152_2018,80,221
1629033_2018,78,218
1628418_2018,83,248
1629118_2018,84,255
1627748_2018,85,221
204025_2018,73,170
203501_2018,78,205
1627789_2018,78,210
202699_2018,81,235
203107_2018,79,210
1628396_2018,82,248
2225_2018,74,185
203503_2018,79,213
1628470_2018,79,215
1629027_2018,74,180
1626203_2018,77,225
1628979_2018,74,189
2772_2018,80,215
203504_2018,73,175
1626168_2018,82,234
202684_2018,82,238
1628972_2018,79,215
1628505_2018,76,210
203584_2018,76,205
1627786_2018,79,218
1628463_2018,81,238
1629093_2018,82,266
1628416_2018,77,183
204020_2018,76,190
1628399_2018,82,225
1627755_2018,70,160
203092_2018,84,253
201936_2018,78,220
1627820_2018,77,198
2199_2018,85,240
1626145_2018,74,196
2617_2018,80,235
203506_2018,76,210
1713_2018,78,220
1629053_2018,80,225
1627735_2018,76,200
1627215_2018,75,180
201961_2018,77,200
1627782_2018,77,230
1628976_2018,82,255
1628411_2018,79,195
202325_2018,79,215
202083_2018,77,220
203115_2018,78,190
1626161_2018,84,240
1626195_2018,83,240
201163_2018,81,225
1628999_2018,80,240
1627812_2018,72,180
1629139_2018,81,205
1628380_2018,84,235
203897_2018,77,200
1629155_2018,76,180
2585_2018,83,270
1629015_2018,76,199
1627753_2018,85,210
203932_2019,80,235
1628988_2019,72,185
1627846_2019,77,225
1629690_2019,77,190
1629678_2019,77,241
201143_2019,81,240
202329_2019,80,220
202692_2019,78,214
1629346_2019,82,215
1627936_2019,77,186
203458_2019,84,250
1628035_2019,79,215
1628993_2019,79,212
203459_2019,77,212
1629019_2019,76,200
1628518_2019,81,222
1629599_2019,79,210
203083_2019,82,279
2738_2019,78,215
203460_2019,79,210
203952_2019,79,197
1629014_2019,75,181
1627790_2019,82,266
203076_2019,82,253
201229_2019,80,240
1628499_2019,77,195
1628394_2019,86,229
203382_2019,82,260
203085_2019,75,200
202340_2019,75,180
1629168_2019,79,200
1628389_2019,81,255
203463_2019,75,195
1627732_2019,82,240
202687_2019,80,255
201933_2019,81,250
1626246_2019,88,290
1626171_2019,82,250
203992_2019,78,220
202711_2019,80,226
1629626_2019,86,220
202954_2019,75,210
203078_2019,75,207
1629634_2019,80,215
1629164_2019,72,180
1627742_2019,79,190
202688_2019,74,182
1628968_2019,78,190
201572_2019,84,282
1628971_2019,76,202
203998_2019,81,218
1628981_2019,81,240
1627854_2019,74,205
1627741_2019,76,220
203468_2019,75,190
101139_2019,78,220
1628997_2019,77,205
1628403_2019,81,260
1629629_2019,80,218
1629661_2019,80,210
1626166_2019,73,183
1627747_2019,78,205
2546_2019,80,238
1629035_2019,71,200
1626224_2019,79,230
1628990_2019,79,210
202718_2019,81,230
1629718_2019,78,199
1626184_2019,74,185
1627767_2019,80,219
1629002_2019,81,225
1628449_2019,81,200
1629185_2019,71,175
1629598_2019,69,180
101108_2019,73,175
1629735_2019,80,234
1626174_2019,82,214
203991_2019,82,240
1629632_2019,76,195
1628998_2019,77,205
203469_2019,84,240
1629012_2019,73,190
201147_2019,81,188
202709_2019,75,200
201584_2019,77,215
1626245_2019,82,270
1626156_2019,76,193
201571_2019,71,183
1628391_2019,82,231
1629610_2019,77,230
1627745_2019,83,245
203081_2019,74,195
1627814_2019,77,210
1628422_2019,77,210
1629655_2019,82,234
1628464_2019,80,245
201568_2019,82,233
201980_2019,78,215
203957_2019,77,214
1627863_2019,78,220
203967_2019,82,225
1629647_2019,80,208
1629636_2019,73,192
1629133_2019,74,185
1628021_2019,77,219
202722_2019,82,225
1628368_2019,75,185
1629631_2019,79,225
1629001_2019,74,200
201599_2019,83,265
1627761_2019,77,210
201942_2019,78,220
201960_2019,78,215
1629731_2019,81,228
1629028_2019,83,250
1627749_2019,76,180
1626153_2019,77,185
203471_2019,73,172
1628372_2019,74,205
1627756_2019,76,220
1629126_2019,76,240
202324_2019,81,265
1627884_2019,78,210
201565_2019,74,200
1628476_2019,72,185
1628401_2019,76,190
1626164_2019,77,206
1628985_2019,77,215
1629719_2019,80,240
1628984_2019,73,195
1629608_2019,82,235
203473_2019,84,245
1628415_2019,79,225
203079_2019,75,210
1627734_2019,83,240
1628378_2019,73,215
1629743_2019,81,229
1628978_2019,76,203
1627827_2019,79,220
203926_2019,79,225
1627733_2019,84,249
203110_2019,78,230
1629234_2019,81,245
1629130_2019,79,215
1628605_2019,75,210
1628407_2019,78,221
2730_2019,82,265
203939_2019,82,240
1629058_2019,81,217
202734_2019,75,191
202334_2019,81,218
1628410_2019,76,196
203901_2019,75,195
1629059_2019,75,190
1626144_2019,75,200
202683_2019,82,250
202339_2019,73,214
201569_2019,75,215
1628450_2019,82,233
1629672_2019,78,255
101141_2019,81,235
203095_2019,79,205
202323_2019,78,220
1628402_2019,75,205
1626163_2019,84,240
1628412_2019,71,190
1628373_2019,76,200
1627832_2019,73,197
1627788_2019,79,202
1629216_2019,75,200
202066_2019,77,195
1629726_2019,77,215
1629109_2019,78,225
203914_2019,76,210
1627780_2019,75,195
1629018_2019,77,209
201588_2019,75,188
1627777_2019,79,230
203507_2019,83,242
203922_2019,78,222
1629048_2019,83,250
201609_2019,75,190
202330_2019,79,225
203476_2019,82,252
1629684_2019,78,236
1628960_2019,76,198
1628977_2019,77,202
203084_2019,80,225
1628385_2019,83,240
202355_2019,84,265
1627740_2019,82,240
101133_2019,83,262
1629649_2019,78,221
202697_2019,77,212
1629067_2019,80,180
1628392_2019,84,250
1629676_2019,80,230
202738_2019,69,185
202397_2019,72,175
1627826_2019,84,240
200826_2019,70,180
1629122_2019,76,203
200755_2019,75,200
2747_2019,78,220
1629630_2019,75,174
203960_2019,79,214
203210_2019,80,227
201580_2019,84,270
203953_2019,80,245
1628980_2019,76,210
203109_2019,78,235
1626143_2019,82,270
1627774_2019,80,209
1627751_2019,85,245
1628973_2019,73,190
1629665_2019,76,185
1629667_2019,82,205
2037_2019,77,200
1627750_2019,76,215
203516_2019,78,215
201935_2019,77,220
201949_2019,79,240
201162_2019,78,237
1629607_2019,70,175
1628991_2019,83,242
1629020_2019,81,214
1629714_2019,77,250
1628386_2019,83,243
1629633_2019,78,195
1627784_2019,81,220
1629750_2019,76,205
1629637_2019,83,220
1627759_2019,78,223
1629658_2019,80,216
1629669_2019,76,201
1628369_2019,80,210
201145_2019,80,235
201952_2019,75,195
203924_2019,80,210
1629725_2019,74,185
203087_2019,77,180
202951_2019,74,219
1626170_2019,76,198
1629010_2019,76,190
1628975_2019,73,200
202710_2019,79,230
201149_2019,83,232
1629147_2019,76,190
203925_2019,78,220
204060_2019,79,220
203954_2019,84,280
1628381_2019,81,235
203089_2019,81,219
1629723_2019,77,210
1628405_2019,80,230
1629140_2019,81,228
1628413_2019,80,225
202685_2019,83,265
1628371_2019,83,230
1628395_2019,80,216
1629648_2019,75,180
203903_2019,76,194
1629162_2019,71,185
203895_2019,77,179
1629673_2019,76,194
1627982_2019,72,180
1628404_2019,77,215
1628367_2019,80,207
203705_2019,73,160
1629006_2019,76,213
1629729_2019,76,214
1626196_2019,77,200
201950_2019,75,205
1629308_2019,78,209
1627823_2019,81,214
203944_2019,80,250
1626147_2019,77,231
203200_2019,78,180
1628382_2019,79,220
1629713_2019,79,190
1628383_2019,83,241
1629620_2019,73,195
1629625_2019,72,190
1626159_2019,78,222
203994_2019,84,290
1629752_2019,79,232
1629644_2019,80,215
1628443_2019,73,200
1626157_2019,83,248
202695_2019,79,225
1628966_2019,80,229
1629103_2019,77,230
1629640_2019,77,220
203482_2019,83,240
1626162_2019,79,203
202689_2019,72,184
1629134_2019,74,190
1629026_2019,78,210
203145_2019,76,195
203484_2019,77,204
1628987_2019,81,230
1628989_2019,79,190
1628995_2019,79,215
201567_2019,80,251
1629645_2019,76,203
1626172_2019,81,222
203920_2019,81,233
203114_2019,79,222
1629017_2019,75,210
1628961_2019,82,200
1627739_2019,75,205
204001_2019,87,240
1629065_2019,73,187
1629734_2019,82,216
203937_2019,81,230
1629657_2019,73,167
2594_2019,79,212
1628398_2019,80,221
200768_2019,72,196
203124_2019,81,250
202681_2019,74,195
200746_2019,83,250
202498_2019,80,225
1629013_2019,76,190
204038_2019,73,200
1626204_2019,79,245
1628374_2019,84,240
2544_2019,81,250
1629022_2019,77,204
1628366_2019,78,190
101150_2019,73,175
1629663_2019,79,205
201601_2019,80,230
1629652_2019,75,215
1629029_2019,79,230
1629677_2019,82,227
1628379_2019,77,206
1628436_2019,86,250
1627763_2019,77,229
1626259_2019,79,210
1627736_2019,76,187
1628370_2019,75,200
1629005_2019,75,190
201188_2019,83,255
201158_2019,77,220
202694_2019,80,218
203935_2019,75,220
1629621_2019,77,198
1626209_2019,80,220
1628365_2019,75,209
202693_2019,80,245
1629741_2019,78,201
1629716_2019,82,249
1627737_2019,81,240
1628963_2019,83,235
101107_2019,80,237
203486_2019,83,254
1629680_2019,77,201
1629760_2019,74,199
1629744_2019,76,190
203521_2019,75,200
203090_2019,79,220
1629622_2019,77,215
1628467_2019,82,240
1628982_2019,77,215
203086_2019,84,260
1629662_2019,81,250
203487_2019,77,190
1626187_2019,75,200
203077_2019,78,232
1629008_2019,82,218
1628969_2019,78,209
201144_2019,73,175
203488_2019,82,240
203118_2019,79,237
1628970_2019,78,225
1629011_2019,84,240
1629671_2019,77,206
1628964_2019,84,231
1628420_2019,74,183
1626149_2019,79,240
1629021_2019,83,245
1629650_2019,86,245
1628539_2019,75,184
1626167_2019,83,250
1629642_2019,77,220
1628513_2019,75,218
1629675_2019,81,264
202357_2019,82,234
203457_2019,82,220
1629651_2019,83,215
1629638_2019,77,205
201587_2019,81,230
1629740_2019,81,236
1628430_2019,74,190
203999_2019,84,284
202696_2019,83,260
203943_2019,82,257
1626181_2019,75,215
203658_2019,82,231
1628384_2019,79,232
1629016_2019,80,245
1629052_2019,79,210
203490_2019,80,198
200782_2019,77,245
1629023_2019,79,230
1628408_2019,78,205
1627783_2019,81,230
1626192_2019,77,209
201976_2019,73,180
1627775_2019,79,181
202335_2019,80,235
201988_2019,73,180
202331_2019,80,220
200794_2019,79,257
1628778_2019,78,210
1626188_2019,73,180
1629683_2019,75,205
1629628_2019,78,214
200765_2019,73,180
203526_2019,73,180
1629730_2019,75,209
203493_2019,78,205
202704_2019,75,208
1626158_2019,82,235
201937_2019,75,190
203496_2019,79,209
1629057_2019,80,237
201577_2019,84,281
1629066_2019,81,228
203918_2019,80,208
203585_2019,76,205
1629641_2019,76,216
1626178_2019,78,217
1626220_2019,76,226
200752_2019,80,250
203497_2019,85,258
1629060_2019,80,230
201566_2019,75,200
201583_2019,81,240
1627853_2019,75,195
1629151_2019,78,215
1629635_2019,80,230
1628400_2019,78,240
201586_2019,84,235
203552_2019,74,185
203894_2019,72,175
1628983_2019,77,180
1629003_2019,77,205
1629044_2019,72,175
1627885_2019,79,190
1628414_2019,76,215
1627746_2019,82,235
203524_2019,78,226
203915_2019,77,215
1626169_2019,78,242
1629742_2019,78,216
201939_2019,75,185
1628425_2019,77,219
203500_2019,83,265
1629004_2019,79,205
1628388_2019,82,222
204456_2019,73,190
203933_2019,80,220
1629605_2019,89,311
201959_2019,81,232
1629659_2019,76,234
1629745_2019,82,205
1627752_2019,79,218
1629611_2019,77,215
1629056_2019,76,201
1628390_2019,78,190
203082_2019,78,206
1626179_2019,73,190
200757_2019,78,215
201152_2019,80,235
203648_2019,78,219
1629033_2019,77,212
1628418_2019,82,248
1627748_2019,84,221
204025_2019,72,170
203501_2019,77,205
1627789_2019,79,220
202699_2019,80,226
203107_2019,79,210
1628396_2019,82,248
203503_2019,78,213
1628470_2019,79,221
1629027_2019,73,180
1629682_2019,70,175
1626203_2019,77,219
2772_2019,80,215
203504_2019,72,185
1626168_2019,81,234
202684_2019,81,254
1628972_2019,78,215
203584_2019,76,200
1629660_2019,77,195
1629076_2019,80,255
1629639_2019,77,195
204020_2019,75,186
203092_2019,83,250
1627820_2019,77,198
2199_2019,84,235
1626145_2019,72,196
2617_2019,80,235
1629724_2019,79,201
203506_2019,76,213
1713_2019,78,220
1629738_2019,84,235
1628427_2019,80,236
201961_2019,76,207
1628976_2019,81,270
1629117_2019,81,205
1628411_2019,78,195
202083_2019,76,220
203115_2019,77,181
1629739_2019,80,207
1626161_2019,84,240
1626195_2019,83,250
201163_2019,80,235
1627812_2019,72,178
1629139_2019,80,215
1628380_2019,83,250
203897_2019,78,200
1629668_2019,77,205
1629015_2019,75,205
1629627_2019,78,284
1629597_2019,77,220
203932_2020,80,235
1628988_2020,72,185
1630174_2020,77,215
1627846_2020,77,225
1629690_2020,76,190
201143_2020,81,240
202329_2020,80,220
202692_2020,78,214
1630197_2020,84,190
1629346_2020,82,215
1627936_2020,76,186
203458_2020,84,250
1628035_2020,79,215
1628993_2020,79,212
1628578_2020,82,230
1629599_2020,79,210
2760_2020,83,260
203083_2020,82,279
2738_2020,78,215
203460_2020,79,210
203952_2020,79,197
1629014_2020,75,181
203076_2020,82,253
1630162_2020,76,225
1630264_2020,79,230
1630237_2020,78,227
201229_2020,80,240
1628394_2020,85,229
1629717_2020,75,195
203382_2020,82,260
1630204_2020,75,190
203085_2020,76,200
202340_2020,75,180
1626253_2020,79,210
1628389_2020,81,255
203463_2020,75,195
1627732_2020,83,240
202687_2020,80,255
201933_2020,81,250
1626246_2020,88,290
1626171_2020,82,250
203992_2020,78,220
202711_2020,79,226
1629626_2020,86,220
202954_2020,75,210
203078_2020,75,207
1629634_2020,80,215
1629164_2020,72,180
1627742_2020,80,190
1628968_2020,78,190
1630271_2020,77,185
201572_2020,84,282
1628971_2020,76,202
203998_2020,81,218
1628981_2020,81,240
1627854_2020,74,205
1627741_2020,76,220
1629604_2020,78,200
203468_2020,75,190
1628997_2020,77,205
1629629_2020,80,218
1629244_2020,79,225
1629661_2020,80,210
1628419_2020,80,225
1626166_2020,73,183
1627747_2020,78,205
2546_2020,79,238
1629035_2020,71,200
1630199_2020,77,190
1630216_2020,73,185
1626224_2020,79,230
1628990_2020,78,210
1629718_2020,78,199
1626184_2020,74,185
1629002_2020,81,225
1628449_2020,81,200
1629185_2020,71,175
101108_2020,72,175
1629735_2020,80,234
1626174_2020,82,214
1629643_2020,78,229
203991_2020,82,240
1629632_2020,77,195
1628998_2020,77,205
203469_2020,83,240
1630175_2020,74,185
1629012_2020,73,190
202709_2020,75,200
1626245_2020,83,270
1626156_2020,76,193
201571_2020,71,183
1628391_2020,82,231
1629610_2020,77,230
1629751_2020,76,200
1627745_2020,83,245
203081_2020,74,195
1627814_2020,77,210
1628422_2020,77,210
1629655_2020,82,234
1630187_2020,80,240
1628464_2020,80,245
201568_2020,82,233
201980_2020,78,215
203957_2020,77,214
1627863_2020,78,220
203967_2020,82,225
1629647_2020,80,208
1629636_2020,73,192
203121_2020,78,225
1628021_2020,77,219
202722_2020,82,225
1628368_2020,75,185
1629631_2020,80,225
1629001_2020,74,200
201599_2020,83,265
1627761_2020,77,210
201942_2020,78,220
202326_2020,82,270
1629731_2020,81,228
1629028_2020,83,250
1629686_2020,80,190
1627749_2020,76,180
1626153_2020,77,185
1630166_2020,81,210
203471_2020,75,172
1628372_2020,74,205
1627756_2020,76,220
202324_2020,81,265
1627884_2020,77,210
201565_2020,74,200
1628401_2020,76,190
1630217_2020,77,215
1626164_2020,77,206
1629962_2020,74,183
1630170_2020,77,200
1629653_2020,74,185
1629719_2020,79,240
1628984_2020,73,195
203473_2020,84,245
1629712_2020,77,188
1628415_2020,79,225
1627734_2020,83,240
1628378_2020,73,215
1629743_2020,82,230
1628978_2020,76,203
1627827_2020,79,220
203926_2020,79,225
203110_2020,78,230
1629234_2020,81,245
1629130_2020,79,215
1628407_2020,78,221
2730_2020,82,265
203939_2020,82,240
1629685_2020,78,196
202734_2020,75,191
202334_2020,81,218
1628410_2020,76,196
203901_2020,75,195
1629091_2020,77,210
1630190_2020,77,215
202683_2020,82,250
202339_2020,73,214
201569_2020,75,215
1629672_2020,78,255
101141_2020,81,235
203095_2020,79,205
1630267_2020,70,195
1628402_2020,75,205
1626163_2020,84,240
1628412_2020,71,190
1628373_2020,76,200
1627832_2020,73,197
1630273_2020,81,245
1627788_2020,79,202
1629216_2020,75,200
1630466_2020,78,231
202066_2020,77,195
1629726_2020,77,215
1629109_2020,78,225
203914_2020,76,210
1627780_2020,75,195
1629018_2020,77,209
201588_2020,76,188
1627777_2020,79,230
203507_2020,83,242
203922_2020,78,222
1629048_2020,83,250
201609_2020,75,190
202330_2020,79,225
203476_2020,82,252
1630203_2020,74,190
1629684_2020,78,236
1628960_2020,76,198
204222_2020,80,210
1628977_2020,77,202
203084_2020,80,225
1628385_2020,83,240
202355_2020,84,265
1627740_2020,82,240
1629649_2020,78,221
202697_2020,77,212
1630193_2020,75,190
1629067_2020,80,180
1630171_2020,77,225
1628392_2020,84,250
1630198_2020,76,165
1629676_2020,80,230
1630191_2020,80,250
202738_2020,69,185
202397_2020,72,175
1627826_2020,84,240
200755_2020,75,200
1629630_2020,75,174
203960_2020,79,214
203210_2020,80,227
201580_2020,84,270
203953_2020,80,245
1630183_2020,81,185
203109_2020,78,235
1630256_2020,76,230
1626143_2020,82,270
1630186_2020,75,190
1627774_2020,80,209
1627751_2020,85,245
1628973_2020,73,190
1630223_2020,77,195
1629665_2020,76,185
1629667_2020,81,205
1630188_2020,82,215
1627750_2020,75,215
203516_2020,78,215
201935_2020,77,220
201949_2020,79,240
203263_2020,79,205
1630164_2020,84,240
201162_2020,78,237
1629607_2020,70,175
1628991_2020,83,242
1629020_2020,81,214
1629714_2020,77,250
1628386_2020,83,243
1629633_2020,78,195
1629750_2020,76,205
1629637_2020,83,220
1630206_2020,77,220
1629121_2020,72,225
1627759_2020,78,223
1629658_2020,80,216
1629669_2020,76,201
1628369_2020,80,210
201145_2020,80,235
201952_2020,75,195
203924_2020,80,210
1629725_2020,74,185
203087_2020,77,180
1629010_2020,76,190
1628975_2020,73,200
202710_2020,79,230
203925_2020,78,220
204060_2020,80,220
203954_2020,84,280
1628381_2020,81,235
1629723_2020,77,210
202322_2020,75,210
202685_2020,83,265
1629007_2020,83,240
1628395_2020,80,216
1629648_2020,74,180
203903_2020,76,194
1629162_2020,71,185
1629670_2020,80,225
1629673_2020,76,194
1630182_2020,77,200
1630221_2020,81,190
1628404_2020,77,215
1628367_2020,80,207
1629006_2020,76,213
1626196_2020,77,200
201950_2020,75,205
1629308_2020,78,209
1627823_2020,81,214
203944_2020,80,250
203200_2020,78,180
1628382_2020,80,220
1629713_2020,79,190
1628383_2020,83,241
1629620_2020,73,195
1626159_2020,78,222
203994_2020,83,290
1629752_2020,79,232
1630231_2020,78,215
1629644_2020,80,215
1630211_2020,75,190
1626157_2020,83,248
202695_2020,79,225
1628966_2020,80,229
1629103_2020,77,230
1629640_2020,77,220
1629833_2020,76,200
203482_2020,83,240
1626162_2020,79,203
202689_2020,72,184
1629134_2020,74,190
1629026_2020,78,210
203145_2020,76,195
203484_2020,77,204
201142_2020,82,240
1628989_2020,79,190
1628995_2020,79,215
201567_2020,80,251
1629645_2020,76,203
1626172_2020,81,222
203920_2020,81,233
203114_2020,79,222
1629017_2020,75,210
1630165_2020,77,195
1629681_2020,81,220
1630184_2020,73,170
1628961_2020,82,200
1627739_2020,75,205
204001_2020,87,240
203937_2020,81,230
1629657_2020,73,167
1628398_2020,82,221
200768_2020,72,196
202681_2020,74,195
200746_2020,83,250
1630163_2020,78,180
1630205_2020,78,230
1629013_2020,76,190
204038_2020,73,200
1626204_2020,79,245
1628374_2020,84,240
2544_2020,81,250
1629022_2020,76,204
1628366_2020,78,190
101150_2020,73,175
1629663_2020,79,205
1629652_2020,75,215
1629029_2020,79,230
1629677_2020,82,227
1628379_2020,77,206
1628436_2020,86,250
1630201_2020,73,175
1627763_2020,77,229
1627736_2020,76,187
1630238_2020,80,230
1628370_2020,75,200
1629603_2020,81,228
201188_2020,83,255
202694_2020,80,218
203935_2020,75,220
1628365_2020,75,209
202693_2020,81,245
1630210_2020,70,175
1629716_2020,82,249
1627737_2020,81,240
1628963_2020,83,235
1630222_2020,76,200
203486_2020,83,254
1629680_2020,77,201
1629744_2020,76,190
203521_2020,75,200
203090_2020,79,220
1629622_2020,77,215
1628467_2020,82,240
203086_2020,84,260
1629662_2020,81,250
203487_2020,77,190
1629008_2020,82,218
1628969_2020,78,209
201144_2020,73,175
1628455_2020,73,175
203488_2020,82,240
203118_2020,79,237
1628970_2020,78,225
1629011_2020,84,240
1629671_2020,77,206
1628964_2020,84,231
1628420_2020,74,183
1626149_2020,79,240
1629021_2020,83,245
1629650_2020,86,245
1628539_2020,75,184
1626167_2020,83,250
1630230_2020,79,220
1629642_2020,77,220
1630268_2020,78,200
1630207_2020,77,210
1630233_2020,82,253
1629675_2020,81,264
202357_2020,82,234
203457_2020,83,220
1629651_2020,83,215
1630208_2020,84,245
1629638_2020,78,205
1630185_2020,74,190
201587_2020,80,230
1629740_2020,81,236
203999_2020,83,284
202696_2020,83,260
203943_2020,82,257
1626181_2020,75,215
203658_2020,82,231
1628384_2020,79,232
1630167_2020,81,220
1630168_2020,80,235
1629052_2020,79,210
203490_2020,80,198
200782_2020,77,245
1629023_2020,79,230
1628408_2020,78,205
1627783_2020,81,230
1626192_2020,77,209
201976_2020,73,180
1627775_2020,79,181
202335_2020,80,235
1630172_2020,79,215
201988_2020,73,180
202331_2020,80,220
200794_2020,79,257
1630194_2020,81,210
1628778_2020,78,210
1630202_2020,73,195
1630173_2020,80,225
1626188_2020,73,180
1629683_2020,75,205
1630181_2020,76,175
1629628_2020,78,214
200765_2020,73,180
203526_2020,73,180
1629034_2020,81,225
1629730_2020,75,209
203493_2020,78,205
202704_2020,74,208
1629617_2020,80,250
1626158_2020,82,235
201937_2020,75,190
203496_2020,79,209
1629606_2020,79,225
1629057_2020,80,237
1630218_2020,78,235
201577_2020,84,281
1629066_2020,81,228
203918_2020,80,208
203585_2020,76,205
1629641_2020,76,216
1626178_2020,78,217
1626220_2020,76,226
200752_2020,80,250
203497_2020,85,258
1629060_2020,80,230
201566_2020,75,200
1627853_2020,75,195
1630240_2020,74,183
1630180_2020,79,215
1630241_2020,76,205
1630253_2020,78,195
1629635_2020,80,230
1628400_2020,78,240
201586_2020,82,235
203552_2020,74,185
1628983_2020,78,180
1629003_2020,77,205
1627885_2020,79,190
1628414_2020,76,215
1630219_2020,76,205
203524_2020,78,226
203915_2020,77,215
1626169_2020,78,242
201939_2020,75,185
1628425_2020,77,219
203500_2020,83,265
1629004_2020,79,205
1628388_2020,82,222
204456_2020,73,190
203933_2020,80,220
1629605_2020,89,311
201959_2020,81,232
1629659_2020,76,234
1627752_2020,79,218
1629611_2020,77,215
1629056_2020,76,201
1628390_2020,78,190
203082_2020,78,206
1626179_2020,73,190
201152_2020,80,235
203648_2020,78,219
1630177_2020,76,175
1629033_2020,77,212
1628418_2020,82,248
1627748_2020,84,221
204025_2020,72,170
203501_2020,77,205
1627789_2020,79,220
202699_2020,80,226
203107_2020,79,210
1628396_2020,82,248
203503_2020,78,213
1628470_2020,79,221
1629027_2020,73,180
1630200_2020,73,185
1629682_2020,70,175
1630235_2020,76,210
2772_2020,80,215
203504_2020,72,185
1626168_2020,81,234
202684_2020,81,254
1628972_2020,78,215
1629660_2020,77,195
1630234_2020,75,195
1630189_2020,79,215
1629076_2020,80,255
1629639_2020,77,195
204020_2020,75,186
1630179_2020,74,160
1630169_2020,77,185
1630178_2020,74,200
1626145_2020,72,196
1628962_2020,82,280
2617_2020,80,235
1630176_2020,81,270
203506_2020,76,213
1629738_2020,84,235
1628427_2020,80,236
201961_2020,76,207
1628976_2020,82,270
1629117_2020,81,205
1628411_2020,78,195
202083_2020,76,220
203115_2020,78,181
1630266_2020,82,234
1626161_2020,84,240
1626195_2020,83,250
1630214_2020,80,245
1627812_2020,72,178
1629139_2020,81,215
203897_2020,77,200
1630192_2020,81,240
1629627_2020,79,284
203932_2021,80,235
1630565_2021,77,210
1628988_2021,72,185
1630174_2021,77,215
1630598_2021,76,190
1627846_2021,77,225
1630278_2021,77,200
1629678_2021,77,241
1629958_2021,74,174
201143_2021,81,240
202692_2021,78,214
1630758_2021,80,220
1630197_2021,84,190
1627936_2021,77,186
203458_2021,84,250
1628035_2021,79,215
1628993_2021,80,212
1630578_2021,82,243
1629599_2021,79,210
203083_2021,82,279
2738_2021,78,215
203952_2021,79,197
1629014_2021,75,181
203076_2021,82,253
1630162_2021,76,225
1630264_2021,79,230
1630237_2021,78,227
1629717_2021,75,195
1629083_2021,82,209
1630559_2021,77,197
203085_2021,76,200
202340_2021,75,180
1630245_2021,76,200
1629168_2021,78,200
1628389_2021,81,255
203463_2021,75,195
202687_2021,80,255
201933_2021,81,250
1626246_2021,87,290
1626171_2021,82,250
203992_2021,78,225
202711_2021,79,226
1629626_2021,86,220
1630538_2021,74,169
202954_2021,75,210
203078_2021,76,207
1630527_2021,78,188
1629634_2021,80,215
1629164_2021,72,180
1627742_2021,80,190
202688_2021,74,182
1630314_2021,74,190
1630296_2021,80,225
1630271_2021,77,185
201572_2021,84,282
1628971_2021,76,202
1628981_2021,81,240
1627854_2021,74,205
1627741_2021,76,220
1629604_2021,78,200
203468_2021,75,190
101139_2021,78,220
1630595_2021,78,220
1628997_2021,77,205
1629629_2021,80,217
1630560_2021,75,210
1629661_2021,80,210
1630787_2021,79,220
1628419_2021,80,239
1626166_2021,73,183
1627747_2021,78,205
1630637_2021,72,174
2546_2021,79,238
1629035_2021,71,200
1630199_2021,77,190
1630216_2021,73,185
1627760_2021,73,173
1626224_2021,79,230
1628990_2021,78,210
1629646_2021,81,230
1629718_2021,78,199
1630602_2021,77,215
1627767_2021,80,219
1629002_2021,81,225
1628449_2021,81,200
1629185_2021,71,175
1630537_2021,77,190
101108_2021,72,175
1629735_2021,80,234
1626174_2021,81,214
1629643_2021,78,229
203991_2021,82,256
1629632_2021,76,195
1628998_2021,78,205
203469_2021,83,240
1630175_2021,75,185
1629012_2021,73,190
1630557_2021,78,224
202709_2021,75,200
1628591_2021,75,196
1626156_2021,76,193
201571_2021,71,183
1628391_2021,82,231
1629610_2021,77,222
1630227_2021,76,226
1629751_2021,76,200
1630625_2021,79,204
1627745_2021,83,245
203081_2021,74,195
1627814_2021,77,210
1628422_2021,77,210
1629655_2021,81,234
1630187_2021,80,240
1628464_2021,81,245
201568_2021,82,236
201980_2021,78,215
1627863_2021,78,220
1629647_2021,80,208
1629636_2021,73,192
201954_2021,72,160
1630561_2021,76,204
1630525_2021,76,203
1628021_2021,77,219
1630558_2021,72,202
202722_2021,82,225
1628432_2021,77,206
1630549_2021,81,265
1628368_2021,75,185
1629631_2021,80,221
1629001_2021,74,200
201599_2021,83,265
1627761_2021,77,210
1630610_2021,77,185
201942_2021,78,220
202326_2021,82,270
1629731_2021,81,228
1629028_2021,83,250
1629686_2021,80,190
1627749_2021,76,180
1626153_2021,77,185
1630166_2021,81,210
203471_2021,73,172
1628372_2021,74,205
1627756_2021,76,220
202324_2021,81,265
1627884_2021,78,210
201565_2021,74,200
1628476_2021,72,185
1628401_2021,76,190
1630217_2021,77,215
1626164_2021,77,206
1629962_2021,74,183
1630170_2021,77,200
1629653_2021,73,185
1629719_2021,79,240
1628984_2021,73,195
203473_2021,84,245
1629712_2021,77,188
1628415_2021,79,225
1627734_2021,83,240
1628378_2021,73,215
1628978_2021,76,203
1627827_2021,79,220
203926_2021,79,225
203110_2021,78,230
1629234_2021,81,245
1630613_2021,75,197
1629130_2021,79,215
2730_2021,82,265
203939_2021,82,240
1629685_2021,78,196
202334_2021,81,218
203901_2021,75,195
1630190_2021,77,215
1629150_2021,81,220
1626144_2021,75,200
202683_2021,82,250
202339_2021,73,214
201569_2021,75,215
1629672_2021,78,255
1630647_2021,78,235
203095_2021,78,205
1630596_2021,83,215
1630267_2021,70,195
1630624_2021,80,195
1628402_2021,75,205
1626163_2021,84,240
1628373_2021,76,200
1630532_2021,82,220
1627832_2021,73,197
1630273_2021,81,245
1627788_2021,79,202
1629216_2021,75,200
1628221_2021,75,190
1630466_2021,78,231
1630994_2021,76,203
202066_2021,77,195
1629726_2021,77,215
1629109_2021,78,225
203914_2021,76,210
1627780_2021,75,195
1629018_2021,77,209
201588_2021,76,188
1628994_2021,78,220
1627777_2021,79,230
1630686_2021,79,192
203507_2021,83,242
1629048_2021,84,250
201609_2021,75,190
202330_2021,79,225
203476_2021,82,248
1629684_2021,78,236
1628960_2021,76,198
1630535_2021,79,206
202328_2021,82,250
1628977_2021,77,202
203084_2021,80,225
202355_2021,84,265
1629755_2021,74,187
1629312_2021,76,220
1630529_2021,79,206
1629649_2021,78,221
1630193_2021,75,190
1629067_2021,80,180
1630171_2021,77,225
1628392_2021,84,250
1630543_2021,82,205
1630198_2021,76,165
1630587_2021,78,232
1629676_2021,80,230
1630191_2021,80,250
202738_2021,69,185
1630225_2021,81,219
202397_2021,72,175
1630688_2021,77,250
1627826_2021,84,240
1630550_2021,81,203
1629630_2021,75,174
203210_2021,80,227
1630605_2021,76,190
201580_2021,84,270
203953_2021,79,245
1630183_2021,81,185
1630531_2021,76,202
203109_2021,78,235
1630256_2021,76,230
1630186_2021,75,190
1630693_2021,82,258
1627774_2021,80,209
1627751_2021,85,245
1628973_2021,73,190
1630224_2021,76,186
1630552_2021,80,219
1629667_2021,81,205
1630188_2021,82,215
1630591_2021,77,205
1630547_2021,76,190
203516_2021,78,215
201935_2021,77,220
201949_2021,79,240
1630691_2021,81,206
1630215_2021,75,193
1629607_2021,70,175
1628991_2021,83,242
1629020_2021,81,214
1628386_2021,82,243
1629633_2021,78,195
1629600_2021,77,205
1629602_2021,82,234
1629750_2021,77,205
1630606_2021,76,205
1629637_2021,83,220
1630643_2021,85,240
1630206_2021,77,220
1627759_2021,78,223
1629658_2021,80,216
1628537_2021,77,185
1629669_2021,76,201
1629873_2021,74,200
1628369_2021,80,210
1630288_2021,75,177
201145_2021,80,235
1629203_2021,77,175
203924_2021,80,210
1630526_2021,80,242
203087_2021,77,180
1630579_2021,81,250
1628975_2021,73,200
202710_2021,79,230
1629111_2021,83,255
203925_2021,78,220
204060_2021,80,220
2207_2021,79,240
1630580_2021,78,205
1630555_2021,76,180
203954_2021,84,280
1628381_2021,81,226
1629723_2021,77,210
1630257_2021,85,265
202685_2021,83,265
1630228_2021,79,225
1628395_2021,79,216
203903_2021,76,194
1630692_2021,75,200
1629162_2021,71,185
1629670_2021,80,225
1629673_2021,76,194
1630648_2021,78,200
1630631_2021,72,179
1630528_2021,75,215
1630581_2021,80,205
1630182_2021,77,200
1628404_2021,77,215
1628367_2021,80,207
1629006_2021,76,213
1626196_2021,77,200
1630563_2021,76,189
201950_2021,75,205
1629308_2021,78,209
1627823_2021,81,214
203944_2021,80,250
1626147_2021,77,231
1630551_2021,78,206
203200_2021,78,180
1628382_2021,80,220
1629620_2021,73,195
1626159_2021,78,222
203994_2021,83,290
1629752_2021,79,232
1630231_2021,77,215
1629644_2021,80,215
1630539_2021,82,221
1626157_2021,83,248
1626208_2021,71,167
1628966_2021,80,229
1629103_2021,77,230
1629640_2021,78,220
1629833_2021,76,200
203482_2021,83,240
1626162_2021,78,203
202689_2021,72,184
1629026_2021,78,210
203145_2021,76,195
203484_2021,77,204
1630553_2021,76,185
1630556_2021,79,203
201142_2021,82,240
1628989_2021,79,198
1628995_2021,79,215
201567_2021,80,251
1630698_2021,73,179
1629645_2021,76,203
1626172_2021,81,222
203920_2021,81,233
203114_2021,79,222
1630165_2021,77,195
1629681_2021,81,220
1630184_2021,73,170
202691_2021,78,220
1627739_2021,75,205
204001_2021,87,240
203937_2021,81,230
1629657_2021,73,167
1628398_2021,81,221
200768_2021,72,196
202681_2021,74,195
200746_2021,83,250
1630163_2021,79,180
1630205_2021,78,230
202362_2021,77,210
1629013_2021,76,190
204038_2021,73,200
1626204_2021,79,245
1628374_2021,83,240
2544_2021,81,250
1630195_2021,78,200
1629623_2021,73,189
1630322_2021,78,215
1629022_2021,76,204
1628366_2021,78,190
101150_2021,74,175
1629663_2021,79,205
1629652_2021,75,215
1629029_2021,79,230
1630568_2021,82,243
1628379_2021,77,206
1628436_2021,86,250
1630640_2021,77,213
1630644_2021,74,185
1630201_2021,73,175
1627763_2021,77,229
1630792_2021,78,220
1627736_2021,76,187
1630238_2021,77,230
1628370_2021,75,200
1629005_2021,75,190
1629603_2021,81,228
1630585_2021,77,205
202694_2021,80,218
203935_2021,76,220
1628365_2021,76,209
202693_2021,81,245
1630250_2021,83,220
1630210_2021,70,175
1627737_2021,81,240
1628963_2021,83,235
1630222_2021,76,200
203486_2021,83,254
1629680_2021,77,201
1629760_2021,74,199
1630346_2021,79,215
1629744_2021,75,190
203090_2021,79,220
1629622_2021,77,215
1628467_2021,82,240
1630593_2021,71,192
1628982_2021,77,215
1630695_2021,82,248
1629008_2021,82,218
1628969_2021,78,209
201144_2021,73,175
203488_2021,82,240
1628970_2021,79,225
1630540_2021,73,195
1629011_2021,84,240
1629671_2021,77,206
1628964_2021,84,231
1628420_2021,74,183
1626149_2021,79,240
1629021_2021,83,245
1629650_2021,86,245
1630541_2021,77,211
1630589_2021,80,226
1628539_2021,75,195
1629619_2021,74,195
1626167_2021,83,250
1630230_2021,79,220
1629642_2021,77,220
1630207_2021,77,210
1630233_2021,82,253
1629675_2021,81,264
1629674_2021,84,248
202357_2021,81,234
203457_2021,83,220
1629651_2021,83,215
1630208_2021,84,245
1629638_2021,77,205
201587_2021,80,230
203917_2021,78,207
203999_2021,83,284
202696_2021,82,260
1626181_2021,75,215
203658_2021,82,231
1628384_2021,79,232
1630167_2021,81,220
1630846_2021,84,240
1630209_2021,83,275
1630168_2021,80,240
1629052_2021,79,210
203490_2021,80,198
200782_2021,77,245
1629023_2021,79,230
1628408_2021,78,205
1628238_2021,80,200
1627783_2021,80,230
1626192_2021,77,209
201976_2021,73,180
1630172_2021,79,215
201988_2021,72,180
202331_2021,80,220
200794_2021,79,257
1630194_2021,81,210
1628778_2021,78,210
1630202_2021,73,195
1627822_2021,83,220
1630173_2021,80,225
1629656_2021,76,210
1629683_2021,75,205
1630181_2021,76,175
1629628_2021,78,214
200765_2021,73,180
203526_2021,74,180
1629730_2021,75,209
203493_2021,78,205
202704_2021,74,208
1629617_2021,80,250
1626158_2021,82,235
201937_2021,74,190
1630306_2021,77,205
203496_2021,79,209
1629057_2021,81,237
1630218_2021,78,235
201577_2021,84,281
203918_2021,80,208
203585_2021,76,205
1629641_2021,77,216
1626220_2021,77,226
1630612_2021,76,200
200752_2021,80,250
203497_2021,85,258
1629060_2021,80,230
201566_2021,75,200
1627853_2021,75,195
1630240_2021,74,183
1630180_2021,79,215
1626155_2021,80,219
1630573_2021,79,217
1630241_2021,76,205
1630572_2021,81,240
1630583_2021,83,215
1630567_2021,79,225
1630575_2021,77,185
203816_2021,79,204
1629635_2021,81,230
1628400_2021,78,240
201586_2021,82,235
203552_2021,74,185
1628983_2021,78,180
1629003_2021,77,205
1629783_2021,75,190
1627885_2021,76,195
1630536_2021,73,176
1630219_2021,76,205
203524_2021,78,226
203915_2021,78,215
1626169_2021,78,242
201939_2021,74,185
1628425_2021,77,219
203500_2021,83,265
1629004_2021,79,205
204456_2021,73,190
1629605_2021,90,311
201959_2021,81,232
1629659_2021,76,234
1627752_2021,78,218
1629611_2021,77,215
1629056_2021,76,201
203082_2021,78,206
1626179_2021,73,190
1630678_2021,77,230
201152_2021,80,235
203648_2021,78,219
1630177_2021,76,175
1629033_2021,77,212
1628418_2021,82,248
204025_2021,72,170
203501_2021,77,205
1627789_2021,79,215
202699_2021,79,226
203107_2021,79,210
1628396_2021,82,248
203503_2021,78,213
1628470_2021,79,221
1629027_2021,73,164
1629309_2021,78,200
1630200_2021,73,185
1630544_2021,75,178
1629682_2021,70,175
1630570_2021,80,237
1630235_2021,76,210
1630243_2021,78,190
1630286_2021,80,225
2772_2021,80,215
203504_2021,72,185
1626168_2021,81,234
1630530_2021,80,206
202684_2021,81,254
1628972_2021,78,215
1629660_2021,77,195
1629076_2021,80,255
1629788_2021,77,209
1629639_2021,77,195
204020_2021,75,186
1630179_2021,74,160
1630169_2021,77,185
1630178_2021,74,200
1627820_2021,77,198
1626145_2021,72,196
1628962_2021,84,270
2617_2021,80,235
1630586_2021,80,229
1630176_2021,81,270
203506_2021,76,213
1628427_2021,80,236
1630249_2021,80,195
201961_2021,76,207
1627782_2021,76,232
1628976_2021,82,270
1629117_2021,81,205
1628411_2021,78,195
202083_2021,76,220
203115_2021,77,181
1626161_2021,84,240
1626195_2021,83,250
1629875_2021,74,165
1630270_2021,77,215
1630214_2021,80,245
1629139_2021,81,215
1630582_2021,77,206
1628380_2021,83,250
203897_2021,77,200
1630285_2021,72,190
1630192_2021,81,240
1630533_2021,81,185
1629597_2021,77,220
1630639_2022,78,179
1631260_2022,77,190
1631100_2022,78,220
203932_2022,80,235
1628988_2022,72,185
1630174_2022,77,215
1630598_2022,77,190
1629678_2022,77,241
201143_2022,81,240
202692_2022,78,214
1630197_2022,84,210
1627936_2022,77,186
203458_2022,86,250
1628993_2022,80,212
1631214_2022,76,210
1630578_2022,83,243
1629599_2022,79,210
203083_2022,83,279
2738_2022,78,215
1629614_2022,75,191
203952_2022,79,197
1629014_2022,75,181
203076_2022,82,253
1630162_2022,76,225
1630264_2022,80,230
1630237_2022,78,227
1630559_2022,77,197
203085_2022,76,200
1630245_2022,77,200
1628389_2022,81,255
1627732_2022,82,240
1631097_2022,77,210
202687_2022,80,255
201933_2022,81,250
1631104_2022,76,185
1626246_2022,88,290
1626171_2022,83,250
203992_2022,77,225
202711_2022,79,226
1629626_2022,86,220
1630538_2022,74,169
203078_2022,76,207
1630527_2022,78,188
1629634_2022,80,215
1627742_2022,80,190
1630296_2022,80,225
201572_2022,85,282
1628971_2022,76,202
1628981_2022,82,240
1631121_2022,78,175
1627854_2022,74,205
1631205_2022,78,205
1627741_2022,76,220
203468_2022,75,190
1630595_2022,79,220
1631216_2022,80,205
1628997_2022,77,205
1629629_2022,79,217
1630560_2022,75,210
1629661_2022,80,210
1626166_2022,73,183
1627747_2022,78,205
1630637_2022,72,174
1626224_2022,79,230
1628435_2022,82,210
1629646_2022,81,230
1631320_2022,77,223
1629002_2022,81,225
1628449_2022,81,200
1630537_2022,77,190
101108_2022,72,175
1629735_2022,80,234
1631128_2022,78,220
1631132_2022,84,230
1626174_2022,81,214
1629643_2022,80,229
203991_2022,82,256
1629632_2022,77,195
1628998_2022,78,205
203469_2022,83,240
1630175_2022,75,185
1631306_2022,81,220
1629012_2022,74,190
1630557_2022,78,224
202709_2022,75,200
1626156_2022,76,193
1630227_2022,76,226
1630625_2022,79,204
1631207_2022,79,195
1627745_2022,83,245
203081_2022,74,195
1627814_2022,77,210
1629655_2022,82,234
1628464_2022,80,245
201980_2022,78,215
1627863_2022,78,220
203967_2022,82,225
1629647_2022,81,216
1630620_2022,79,245
1629636_2022,73,192
1630561_2022,76,204
1631223_2022,76,255
1630558_2022,72,202
202722_2022,82,225
1628432_2022,77,206
1630549_2022,81,265
1628368_2022,75,185
1629631_2022,80,221
1629001_2022,74,200
201599_2022,83,265
201942_2022,78,220
1629731_2022,81,228
1629028_2022,84,250
1627749_2022,77,180
1626153_2022,77,185
1630166_2022,81,210
203471_2022,73,172
1628372_2022,74,205
1629126_2022,76,240
1631220_2022,77,180
1627884_2022,78,210
201565_2022,75,200
1628401_2022,76,190
1630217_2022,77,215
1626164_2022,77,206
1630170_2022,77,200
1629653_2022,73,185
1628984_2022,73,195
203473_2022,82,245
1628415_2022,78,225
1627734_2022,85,240
1631230_2022,81,215
1628378_2022,73,215
1631495_2022,78,190
1628978_2022,76,203
1627827_2022,79,220
203926_2022,78,225
203110_2022,78,230
1629234_2022,82,245
1630696_2022,75,203
1630613_2022,74,197
1629130_2022,79,215
203939_2022,82,240
1629685_2022,79,196
1630700_2022,79,199
1628410_2022,76,196
201569_2022,75,215
1630647_2022,78,235
203095_2022,78,205
1630596_2022,83,215
1630267_2022,70,195
1628402_2022,75,205
1626163_2022,84,240
1628373_2022,76,200
1630532_2022,82,220
1627832_2022,72,197
1627788_2022,79,202
1629216_2022,74,200
1628221_2022,75,190
202066_2022,78,195
1629726_2022,78,215
203914_2022,76,210
1627780_2022,74,195
1629018_2022,77,209
201588_2022,76,188
1627777_2022,79,230
203507_2022,84,243
1629048_2022,83,250
201609_2022,76,190
202330_2022,79,225
203476_2022,82,248
1629684_2022,78,236
1628960_2022,76,198
1630535_2022,79,206
1628977_2022,77,202
203084_2022,80,225
1629312_2022,77,220
1630529_2022,79,206
1630193_2022,74,190
1630171_2022,77,225
1628392_2022,84,250
1630543_2022,81,205
1630198_2022,75,165
1630587_2022,78,232
1630600_2022,80,238
1629676_2022,80,230
1630191_2022,80,250
1630225_2022,81,219
202397_2022,72,175
1630688_2022,77,250
1627826_2022,84,240
1631120_2022,73,195
1630550_2022,81,203
1629630_2022,74,174
203210_2022,81,227
201580_2022,84,270
1631095_2022,83,220
1631133_2022,79,200
1631298_2022,79,225
1631367_2022,69,160
1630702_2022,75,198
1631093_2022,76,195
1630183_2022,81,185
1630531_2022,76,202
203109_2022,78,235
1630256_2022,77,230
1631222_2022,79,235
1627751_2022,85,245
1628973_2022,74,190
1631105_2022,83,250
1630224_2022,76,186
1630552_2022,80,219
1629667_2022,81,205
1630188_2022,81,215
1630591_2022,77,205
1631114_2022,77,211
1631288_2022,78,191
1627750_2022,76,215
1631123_2022,74,180
1630547_2022,76,190
201935_2022,77,220
201949_2022,79,240
1630164_2022,84,240
1630215_2022,75,193
1631197_2022,78,210
1628991_2022,82,242
1629020_2022,80,214
1629714_2022,77,250
1628386_2022,81,243
1629633_2022,78,195
1630554_2022,75,181
1629750_2022,77,205
1629637_2022,84,220
1630643_2022,85,240
1630206_2022,77,220
1627759_2022,78,223
1629669_2022,76,201
1631119_2022,81,240
1628369_2022,80,210
1630288_2022,75,177
201145_2022,80,235
203924_2022,80,210
1630526_2022,80,240
1631110_2022,80,230
1630579_2022,82,250
1628975_2022,73,200
202710_2022,79,230
1629111_2022,83,255
203925_2022,78,220
204060_2022,81,220
1630580_2022,78,205
203954_2022,84,280
1631219_2022,84,190
1628381_2022,81,226
1629723_2022,77,210
202322_2022,75,210
1631098_2022,76,195
1630548_2022,78,209
202685_2022,83,265
1628371_2022,82,230
1630228_2022,79,225
203903_2022,77,194
1630692_2022,75,200
1631160_2022,79,215
1629162_2022,72,185
1629670_2022,81,225
1629673_2022,76,194
1630648_2022,78,200
1630631_2022,72,179
1630528_2022,76,215
1630581_2022,80,216
1630182_2022,79,200
1628404_2022,76,215
1631169_2022,80,205
1629006_2022,76,213
1626196_2022,78,200
1630563_2022,78,189
201950_2022,77,205
1629308_2022,78,209
1627823_2022,81,214
1630577_2022,79,217
203944_2022,80,250
1630551_2022,78,206
203200_2022,78,180
1628382_2022,80,220
1631303_2022,79,210
1626159_2022,78,222
203994_2022,84,290
1630231_2022,79,215
1629644_2022,80,215
1630539_2022,83,221
1626157_2022,84,248
202695_2022,79,225
1631099_2022,80,225
1628966_2022,80,229
1629640_2022,77,220
203482_2022,83,240
1626162_2022,78,203
202689_2022,72,184
1631112_2022,79,205
1629134_2022,75,190
1631113_2022,71,170
1631254_2022,78,275
1629026_2022,78,210
203484_2022,77,204
1631165_2022,75,175
1630553_2022,75,185
1630556_2022,79,203
201142_2022,82,240
1628989_2022,79,198
1628995_2022,79,215
201567_2022,80,251
1629645_2022,76,203
1630284_2022,78,216
1626172_2022,81,222
203920_2022,80,233
203114_2022,79,222
1630165_2022,77,195
1630184_2022,73,170
202691_2022,78,220
1628424_2022,77,180
1627739_2022,75,205
204001_2022,87,240
203937_2022,81,230
1628398_2022,81,221
200768_2022,72,196
202681_2022,74,195
1630163_2022,79,180
1630205_2022,78,230
1629013_2022,76,190
1626204_2022,80,245
1628374_2022,84,240
2544_2022,81,250
1630195_2022,78,200
1631311_2022,76,208
1629623_2022,73,189
1630322_2022,78,210
1629022_2022,76,204
1629663_2022,79,205
1629652_2022,76,220
1629029_2022,79,230
1630568_2022,82,243
1629677_2022,82,227
1628379_2022,77,206
1628436_2022,86,250
1630644_2022,74,185
1630201_2022,73,175
1631103_2022,76,180
1627763_2022,76,229
1630792_2022,78,220
1627736_2022,76,187
1628370_2022,75,200
1629603_2022,81,228
1630699_2022,79,199
202694_2022,80,218
203935_2022,76,220
1631109_2022,84,240
1628365_2022,76,209
202693_2022,81,245
1630250_2022,84,220
1628963_2022,82,235
203486_2022,84,254
1629680_2022,77,201
1630346_2022,78,215
203521_2022,75,200
1631108_2022,77,190
1629622_2022,77,215
1628467_2022,82,240
1630593_2022,71,192
203086_2022,84,260
1629662_2022,82,250
1630695_2022,80,248
203487_2022,77,190
1630701_2022,80,250
1629008_2022,82,218
1628969_2022,78,209
201144_2022,73,175
203488_2022,83,240
1630540_2022,74,195
1629011_2022,84,240
1628964_2022,84,231
1628420_2022,74,183
1626149_2022,79,240
1629021_2022,83,245
1629650_2022,86,245
1630541_2022,77,211
1631217_2022,82,210
1626167_2022,83,250
1630230_2022,79,220
1629642_2022,77,220
1631466_2022,77,205
1630233_2022,80,253
1629675_2022,81,264
1629674_2022,84,248
203457_2022,82,220
1629651_2022,83,215
1630208_2022,84,245
1629638_2022,77,205
201587_2022,80,230
203999_2022,83,284
1631107_2022,82,205
202696_2022,82,260
203943_2022,82,257
1626181_2022,76,215
1628384_2022,79,232
1630167_2022,81,220
1630534_2022,77,215
1630846_2022,83,240
1630209_2022,83,275
1630168_2022,81,240
1631115_2022,82,235
1629052_2022,79,210
203490_2022,80,198
1631172_2022,81,185
200782_2022,77,245
1629023_2022,79,230
1628408_2022,78,205
1631094_2022,82,250
1627783_2022,80,230
1626192_2022,77,209
1631116_2022,81,220
201976_2022,74,180
1630172_2022,79,215
201988_2022,72,180
202331_2022,80,220
1630194_2022,81,210
1630202_2022,73,195
1631212_2022,79,200
1630173_2022,80,225
1629656_2022,77,210
1631245_2022,77,173
1630181_2022,76,175
1629628_2022,78,214
1630564_2022,79,269
203526_2022,74,180
203493_2022,78,205
202704_2022,74,208
1626158_2022,80,235
201937_2022,74,190
203496_2022,79,209
1629057_2022,81,237
201577_2022,84,281
203585_2022,76,205
1629641_2022,77,216
1631199_2022,77,245
1626220_2022,78,226
200752_2022,80,250
203497_2022,85,258
1629060_2022,80,230
201566_2022,75,200
1627853_2022,75,195
1631157_2022,75,180
1630240_2022,74,183
1630180_2022,79,215
1630573_2022,79,217
1630241_2022,76,205
1630572_2022,82,240
1630583_2022,84,215
1630567_2022,80,225
1630590_2022,73,170
201586_2022,83,235
203552_2022,73,185
1631101_2022,77,200
1628983_2022,78,195
1629003_2022,77,205
1627885_2022,76,195
1631323_2022,79,209
1630219_2022,76,205
203915_2022,77,215
1626169_2022,78,242
1630649_2022,78,210
201939_2022,74,185
1628425_2022,77,219
203500_2022,83,265
1629004_2022,79,205
204456_2022,73,190
203933_2022,80,220
201959_2022,81,232
1629659_2022,76,234
1631106_2022,80,215
1627752_2022,78,218
1629611_2022,77,215
1629056_2022,76,201
203082_2022,79,206
1626179_2022,73,190
1630678_2022,76,230
201152_2022,80,235
203648_2022,79,219
1630177_2022,77,175
1629033_2022,79,212
1628418_2022,82,248
203501_2022,77,205
202699_2022,79,226
1628396_2022,83,248
1628470_2022,79,221
1629027_2022,73,164
1630200_2022,73,185
1630544_2022,75,178
1630570_2022,80,237
1630235_2022,76,210
1630243_2022,78,190
1631309_2022,72,180
1631211_2022,76,221
1626168_2022,81,234
1630530_2022,80,206
1628972_2022,79,215
1629660_2022,77,195
1631102_2022,75,195
1628416_2022,76,180
1629639_2022,77,195
1630169_2022,77,185
1631213_2022,78,215
1630178_2022,74,200
1626145_2022,74,196
1628962_2022,83,270
2617_2022,79,235
1630586_2022,80,229
1630176_2022,82,270
203506_2022,75,213
1631246_2022,76,205
1628427_2022,80,236
1630249_2022,80,195
1631117_2022,84,245
1628976_2022,82,270
1631111_2022,77,215
1629117_2022,81,205
202083_2022,77,220
203115_2022,77,181
1626195_2022,83,250
1641645_2022,80,183
1629875_2022,72,165
1630270_2022,77,215
1630214_2022,79,245
1629139_2022,80,215
1628380_2022,83,250
203897_2022,77,200
1630192_2022,81,240
1630533_2022,81,185
1629627_2022,78,284
1630639_2023,78,179
1631260_2023,76,190
1631100_2023,78,220
203932_2023,80,235
1628988_2023,72,185
1630174_2023,78,215
1630598_2023,77,190
1641745_2023,75,180
1641766_2023,81,245
1629678_2023,77,241
201143_2023,81,240
202692_2023,77,214
1630197_2023,84,210
1627936_2023,77,186
1641788_2023,80,200
203458_2023,84,250
1631214_2023,76,210
1630578_2023,83,243
1641735_2023,75,185
1641708_2023,79,200
1629599_2023,79,210
203083_2023,83,279
1641748_2023,78,209
1641847_2023,77,200
1629614_2023,76,191
203952_2023,79,197
1629014_2023,75,193
1641710_2023,79,200
203076_2023,82,253
1630162_2023,76,225
1630264_2023,80,230
1629717_2023,75,195
1630204_2023,75,190
1641709_2023,78,205
1630559_2023,77,197
1630245_2023,77,200
1628389_2023,81,255
1641767_2023,78,190
1627732_2023,82,240
1631097_2023,77,210
1641731_2023,80,195
202687_2023,80,255
1631104_2023,75,185
1626246_2023,88,290
1626171_2023,82,250
203992_2023,77,225
202711_2023,79,226
1629626_2023,87,220
1630538_2023,74,169
203078_2023,76,207
1641764_2023,76,205
1630527_2023,78,188
1629634_2023,80,215
1627742_2023,80,190
1641706_2023,79,200
1630314_2023,73,190
1630296_2023,80,225
1641729_2023,77,235
201572_2023,85,282
1628971_2023,76,202
1628981_2023,81,240
1631121_2023,78,175
1631205_2023,77,205
1627741_2023,76,220
203468_2023,75,190
1630595_2023,78,220
1631216_2023,80,205
1628997_2023,77,205
1629629_2023,79,217
1630560_2023,75,210
1641715_2023,79,230
1629661_2023,80,210
1626166_2023,75,183
1627747_2023,78,205
1641717_2023,75,195
1626224_2023,79,230
1629646_2023,82,230
1629718_2023,78,199
1631096_2023,85,208
1629002_2023,82,225
1628449_2023,81,200
1630537_2023,77,190
1641753_2023,78,220
101108_2023,72,175
1631128_2023,78,220
1626174_2023,80,214
1629643_2023,79,229
203991_2023,82,256
1629632_2023,77,195
1628998_2023,78,205
203469_2023,83,240
1641732_2023,78,207
1630175_2023,74,185
1631306_2023,80,220
1630658_2023,82,250
1631221_2023,73,195
1629012_2023,75,190
1630557_2023,78,224
202709_2023,74,200
1641854_2023,73,180
1626156_2023,75,193
1641793_2023,75,188
1630618_2023,75,200
1628391_2023,82,231
1629610_2023,77,222
1630227_2023,75,226
1630625_2023,80,204
1631207_2023,79,195
1627745_2023,82,245
203081_2023,74,195
1629655_2023,82,234
1628464_2023,80,245
201568_2023,82,236
201980_2023,78,215
203957_2023,77,214
1627863_2023,78,220
203967_2023,82,225
1641727_2023,78,220
1629647_2023,81,216
1629636_2023,73,192
1630561_2023,76,204
1631223_2023,76,255
1630558_2023,72,202
202722_2023,82,225
1630549_2023,81,265
1628368_2023,75,185
1629631_2023,80,221
1629001_2023,75,200
201599_2023,83,265
1630610_2023,77,185
201942_2023,78,220
1629731_2023,81,228
1629028_2023,84,247
1627749_2023,77,180
1626153_2023,77,185
1630166_2023,81,210
203471_2023,73,175
1628372_2023,75,205
1641726_2023,85,230
1631220_2023,77,180
1627884_2023,78,210
201565_2023,75,200
1628401_2023,76,190
1630217_2023,77,215
1626164_2023,78,206
1630170_2023,77,200
1628984_2023,73,195
1641926_2023,77,210
1628415_2023,78,225
1631376_2023,85,215
1627734_2023,82,240
1631230_2023,81,215
1628378_2023,75,215
1628978_2023,76,203
1627827_2023,79,220
203926_2023,78,225
203110_2023,78,230
1629234_2023,82,245
1641809_2023,81,205
1630696_2023,74,203
1629130_2023,79,215
1641871_2023,81,245
203939_2023,82,240
1629685_2023,79,196
1630700_2023,79,199
1630604_2023,78,240
1641734_2023,80,170
201569_2023,75,215
1630647_2023,78,235
203095_2023,78,205
1630596_2023,83,215
1630196_2023,83,225
1628373_2023,76,200
1630532_2023,82,220
1627832_2023,72,197
1627788_2023,79,202
1641713_2023,81,210
1629216_2023,74,200
202066_2023,77,195
1629726_2023,78,215
203914_2023,76,210
1627780_2023,74,195
1629018_2023,77,204
1627777_2023,79,230
203507_2023,83,243
1629048_2023,82,250
202330_2023,79,225
1641711_2023,78,200
1629684_2023,78,236
1628960_2023,76,198
1630535_2023,79,206
1630611_2023,78,185
1628977_2023,77,202
203084_2023,80,225
1628385_2023,82,240
1629312_2023,77,220
1630929_2023,81,220
1630529_2023,79,206
1641816_2023,80,215
1630641_2023,84,240
1630193_2023,74,190
1630171_2023,77,225
1628392_2023,84,250
1630543_2023,81,205
1630198_2023,75,165
1630587_2023,78,232
1630600_2023,80,238
1630191_2023,80,250
202738_2023,69,185
1631209_2023,75,185
202397_2023,72,175
1630688_2023,77,250
1627826_2023,84,240
1631167_2023,76,196
1631120_2023,73,195
1630550_2023,81,203
1629630_2023,74,174
201580_2023,84,270
1631095_2023,83,220
1631133_2023,79,227
1631298_2023,78,225
1631367_2023,68,160
1631210_2023,80,200
1630702_2023,75,198
1631093_2023,76,195
1630183_2023,81,185
1630531_2023,76,202
203109_2023,78,235
1630256_2023,76,230
1630186_2023,75,190
1631170_2023,78,225
1631222_2023,79,235
1627751_2023,84,260
1628973_2023,74,190
1630622_2023,73,175
1631105_2023,82,250
1630224_2023,76,186
1641720_2023,77,215
1630552_2023,80,219
1629667_2023,81,190
1629618_2023,74,202
1641771_2023,79,215
1630188_2023,81,215
1630591_2023,77,205
1631114_2023,77,211
1630592_2023,78,220
1631288_2023,78,191
1627750_2023,76,215
1631123_2023,74,180
1630547_2023,76,190
201935_2023,77,220
201949_2023,79,240
1630164_2023,83,240
1641716_2023,79,235
1630215_2023,75,193
1631197_2023,77,210
1628991_2023,82,242
1629020_2023,80,214
1628386_2023,81,243
1630554_2023,75,181
1631241_2023,75,190
1629750_2023,77,205
1630606_2023,76,205
1629637_2023,84,220
1630643_2023,85,240
1627759_2023,78,223
1629669_2023,76,201
1631119_2023,81,240
1628369_2023,80,210
1630288_2023,75,177
201145_2023,80,235
203924_2023,79,210
1630526_2023,80,240
1631110_2023,80,230
1630579_2023,82,250
1631257_2023,78,230
1629010_2023,77,190
1641724_2023,78,215
1628975_2023,73,200
202710_2023,79,230
1629111_2023,83,255
203925_2023,78,220
204060_2023,81,220
203954_2023,84,280
1628381_2023,81,226
1629723_2023,77,210
1631098_2023,76,195
1630548_2023,77,209
202685_2023,83,265
1628371_2023,82,230
1630228_2023,79,225
1629007_2023,82,240
203903_2023,75,194
1630259_2023,73,175
1630692_2023,76,200
1641722_2023,77,190
1629162_2023,72,185
1641757_2023,77,194
1629670_2023,80,225
1629673_2023,76,194
1641775_2023,78,205
1630631_2023,72,179
1630581_2023,80,216
1630182_2023,77,200
1628404_2023,76,215
1631169_2023,80,205
1629006_2023,76,213
1626196_2023,77,200
1630563_2023,76,189
201950_2023,76,205
1629308_2023,78,209
1631262_2023,78,210
1630577_2023,79,217
1641763_2023,80,198
1631124_2023,78,205
203944_2023,80,250
1630551_2023,78,206
203200_2023,78,180
1628382_2023,80,220
1631303_2023,77,205
203994_2023,84,290
1630231_2023,78,215
1629232_2023,79,225
1626157_2023,84,248
202695_2023,79,225
1631099_2023,80,225
1628966_2023,80,229
1629640_2023,77,220
203482_2023,83,240
1626162_2023,79,203
1631112_2023,79,205
1631254_2023,78,275
1629026_2023,78,210
203484_2023,77,204
1631165_2023,75,175
1630553_2023,77,185
1630556_2023,79,203
201142_2023,83,240
1628989_2023,79,198
1628995_2023,79,215
201567_2023,80,251
1630284_2023,77,216
1626172_2023,81,222
1641749_2023,76,230
1641718_2023,76,185
203114_2023,79,222
1630165_2023,77,195
1630184_2023,73,170
202691_2023,78,220
1641738_2023,79,250
1641723_2023,77,195
1628424_2023,77,180
1627739_2023,75,205
1631200_2023,80,210
204001_2023,86,240
203937_2023,81,230
1628398_2023,81,221
200768_2023,72,196
202681_2023,74,195
1630163_2023,79,180
1630205_2023,79,230
1629013_2023,76,190
1626204_2023,80,245
1628374_2023,84,240
2544_2023,81,250
1641778_2023,78,209
1631159_2023,82,210
1631311_2023,76,208
1629623_2023,73,189
1630322_2023,78,210
1629022_2023,76,204
1629652_2023,76,220
1629029_2023,79,230
1630568_2023,82,243
1629677_2023,82,227
1628379_2023,77,206
1628436_2023,85,250
1630201_2023,73,185
1631103_2023,76,180
1627763_2023,76,229
1630608_2023,78,185
1627736_2023,76,187
1628370_2023,75,200
1642013_2023,83,250
1629603_2023,81,228
1641970_2023,80,177
1630699_2023,79,199
202694_2023,80,218
1631204_2023,74,195
203935_2023,75,220
1631109_2023,84,240
1628365_2023,76,209
202693_2023,81,245
1641806_2023,67,160
1629716_2023,82,249
1628963_2023,82,235
1630222_2023,76,200
203486_2023,82,254
1629680_2023,77,201
1630562_2023,81,233
1630346_2023,78,215
1631108_2023,77,190
1629622_2023,77,215
1628467_2023,82,240
1641721_2023,79,195
1630695_2023,81,248
1629008_2023,82,218
1628969_2023,78,209
201144_2023,72,175
203488_2023,82,240
1628970_2023,79,225
1630540_2023,73,195
1629011_2023,84,240
1628964_2023,84,231
1628420_2023,74,183
1629021_2023,83,245
1629650_2023,86,258
1630541_2023,77,211
1631338_2023,81,210
1631243_2023,82,210
1631217_2023,81,210
1626167_2023,83,250
1630230_2023,78,220
1629642_2023,78,220
1630207_2023,77,210
1631466_2023,77,205
1641877_2023,81,230
1629675_2023,81,264
1629674_2023,84,248
1629651_2023,83,215
1630208_2023,84,245
1641733_2023,74,185
1629638_2023,77,205
201587_2023,80,230
203999_2023,83,284
1631107_2023,82,205
202696_2023,82,260
1641730_2023,81,210
1626181_2023,76,215
1628384_2023,79,240
1630167_2023,81,220
1630534_2023,77,215
1630846_2023,82,240
1641765_2023,79,230
1630209_2023,83,275
1641931_2023,78,215
1630168_2023,82,240
1631115_2023,82,235
1631131_2023,80,255
1629052_2023,79,210
203490_2023,80,230
1631172_2023,81,185
200782_2023,77,245
1629023_2023,79,230
1631094_2023,82,250
1627783_2023,80,245
1626192_2023,77,209
1630311_2023,75,205
1631116_2023,81,220
201976_2023,74,180
1630172_2023,79,215
201988_2023,74,180
202331_2023,80,220
1630194_2023,81,210
1630202_2023,73,195
1631250_2023,82,225
1631212_2023,79,200
1630173_2023,80,243
1629656_2023,77,210
1631245_2023,77,173
1630181_2023,76,175
1629628_2023,78,214
1630564_2023,79,269
1641712_2023,78,185
203493_2023,78,205
202704_2023,74,208
1626158_2023,81,235
1641741_2023,78,207
203496_2023,79,209
1629057_2023,81,249
201577_2023,85,281
1631199_2023,76,233
1626220_2023,78,226
203497_2023,85,258
1629060_2023,80,230
201566_2023,76,200
1627853_2023,75,195
1631157_2023,75,180
1630240_2023,74,183
1630180_2023,79,215
1630573_2023,79,217
1630241_2023,76,205
1630572_2023,81,240
1630583_2023,84,215
1628426_2023,80,225
1630703_2023,75,202
1630567_2023,79,237
1630590_2023,73,170
203552_2023,73,185
1641754_2023,76,220
1631101_2023,77,205
1628983_2023,78,195
1629003_2023,77,205
1627885_2023,76,195
1631321_2023,78,200
1631323_2023,79,209
1630219_2023,75,205
203915_2023,77,215
1630649_2023,78,210
201939_2023,74,185
1629004_2023,79,205
204456_2023,73,190
203933_2023,80,220
201959_2023,81,232
1629659_2023,76,234
1631106_2023,80,215
1627752_2023,78,218
1641707_2023,81,215
1631386_2023,77,195
1629611_2023,77,215
1631173_2023,76,160
1626179_2023,73,190
1630678_2023,76,230
201152_2023,80,225
203648_2023,79,219
1630177_2023,76,175
1628418_2023,82,248
203501_2023,77,205
1641851_2023,78,210
202699_2023,80,226
1628470_2023,77,221
1641787_2023,79,217
1641739_2023,79,226
1629027_2023,73,164
1631218_2023,81,245
1630200_2023,73,185
1630544_2023,75,178
1630570_2023,80,237
1630235_2023,76,210
1630243_2023,77,190
1641998_2023,82,260
1626168_2023,81,234
1630530_2023,80,206
202684_2023,81,254
1641774_2023,82,220
1628972_2023,79,215
1629660_2023,77,195
1631102_2023,75,195
1629639_2023,77,195
1630169_2023,77,185
1630178_2023,74,200
1626145_2023,73,196
1628962_2023,83,270
1630586_2023,80,229
203995_2023,75,188
1641705_2023,88,210
1631246_2023,76,205
1630249_2023,80,195
1631117_2023,84,245
1628976_2023,82,270
1631111_2023,77,215
1629117_2023,81,205
202083_2023,77,220
1629875_2023,72,165
1630214_2023,79,245
1629139_2023,81,215
1628380_2023,83,250
203897_2023,77,200
1630285_2023,72,190
1630192_2023,81,240
1630533_2023,81,185
1629627_2023,78,284
1630639_2024,78,179
1631260_2024,76,190
1642358_2024,77,160
203932_2024,80,235
1628988_2024,72,185
1630174_2024,78,215
1630598_2024,77,190
1641745_2024,75,180
1641766_2024,81,245
1641737_2024,82,235
1642349_2024,77,190
201143_2024,81,240
202692_2024,77,214
1627936_2024,77,186
1642505_2024,79,220
203458_2024,84,250
1642024_2024,81,245
1642259_2024,84,205
1631214_2024,76,210
1630578_2024,83,243
1641708_2024,79,200
1629599_2024,79,210
203083_2024,83,279
1641748_2024,78,209
1629614_2024,76,191
203952_2024,79,197
1629014_2024,75,200
1641710_2024,79,200
203076_2024,82,253
1630162_2024,76,225
1630264_2024,80,230
1641817_2024,80,225
1641810_2024,77,205
1630574_2024,83,246
1642422_2024,81,245
1641709_2024,78,205
1630559_2024,77,197
1630245_2024,77,200
1628389_2024,81,255
1631248_2024,78,205
1641767_2024,78,190
1627732_2024,82,240
1631097_2024,77,210
1641731_2024,80,195
202687_2024,80,255
1631104_2024,75,185
1626171_2024,82,250
1641752_2024,81,225
203992_2024,77,225
1629626_2024,87,220
1630538_2024,74,169
203078_2024,76,207
1642382_2024,84,220
1641764_2024,76,205
1630527_2024,78,188
1629634_2024,80,215
1627742_2024,80,190
1641706_2024,79,200
1630314_2024,73,190
1630296_2024,80,225
1641729_2024,77,235
1642355_2024,75,210
201572_2024,85,282
1628971_2024,76,202
1628981_2024,81,240
1631121_2024,78,190
1642267_2024,76,190
1627741_2024,76,220
203468_2024,75,190
1630595_2024,78,220
1631216_2024,80,205
1628997_2024,77,205
1642353_2024,78,190
1629629_2024,79,217
1642285_2024,76,205
1630560_2024,75,210
1641715_2024,79,230
1629661_2024,80,210
1626166_2024,75,183
1627747_2024,78,205
1641717_2024,75,195
1629646_2024,82,230
1631096_2024,85,208
1628449_2024,81,200
1630537_2024,77,190
1641753_2024,78,220
101108_2024,72,175
1631128_2024,78,220
1631132_2024,84,225
1629643_2024,79,229
203991_2024,82,256
1629632_2024,77,195
1628998_2024,78,205
1642262_2024,79,190
1641732_2024,78,207
1630175_2024,74,185
1631306_2024,80,220
1630658_2024,82,250
1631221_2024,73,195
1629012_2024,75,190
1630557_2024,78,224
202709_2024,74,200
1641854_2024,73,180
1642385_2024,77,190
1626156_2024,75,193
1630618_2024,75,200
1629610_2024,77,222
1631342_2024,78,216
1630227_2024,76,238
1630625_2024,80,203
1631207_2024,79,195
1642261_2024,78,215
203081_2024,74,195
1641878_2024,76,194
1627814_2024,78,210
1629655_2024,82,265
1628464_2024,80,245
1642450_2024,75,165
203957_2024,77,214
203967_2024,82,225
1641727_2024,78,220
1629636_2024,73,192
1630561_2024,76,204
1631223_2024,76,255
1630558_2024,72,202
1630549_2024,81,265
1628368_2024,75,185
1629631_2024,80,221
1629001_2024,75,200
201599_2024,83,265
201942_2024,78,220
1629731_2024,81,228
1629028_2024,84,252
1627749_2024,76,180
1626153_2024,77,185
1630166_2024,81,240
203471_2024,73,175
1641726_2024,85,230
1627884_2024,78,210
1628401_2024,76,190
1630217_2024,77,215
1626164_2024,78,206
1642269_2024,74,195
1630170_2024,77,200
1628415_2024,78,225
1641794_2024,77,235
1627734_2024,82,240
1631230_2024,80,215
1642270_2024,86,280
1628378_2024,75,215
1628978_2024,76,203
1627827_2024,79,220
203926_2024,78,225
203110_2024,78,230
1629234_2024,82,245
1641809_2024,81,205
1631166_2024,82,235
1630696_2024,74,203
1629130_2024,79,215
1641871_2024,81,245
203939_2024,82,240
1630700_2024,79,199
1630604_2024,78,240
203901_2024,75,195
1641989_2024,75,195
1641801_2024,79,215
1641734_2024,80,202
1642402_2024,79,220
201569_2024,75,215
1630596_2024,83,215
1630532_2024,82,220
1627832_2024,72,197
1641713_2024,81,210
1629216_2024,74,200
202066_2024,77,195
1629726_2024,78,215
203914_2024,76,210
1627780_2024,74,195
1629018_2024,77,204
1627777_2024,79,230
203507_2024,83,243
1629048_2024,82,250
1641711_2024,78,200
1629684_2024,78,236
1628960_2024,76,198
1627824_2024,80,265
1630611_2024,78,185
203084_2024,80,225
1631127_2024,77,230
1629312_2024,77,220
1630529_2024,79,206
1641816_2024,80,215
1630193_2024,74,190
1642403_2024,81,245
1630171_2024,77,225
1642268_2024,75,210
1642384_2024,78,220
1628392_2024,84,250
1630543_2024,81,205
1630198_2024,75,165
1630600_2024,80,238
1641815_2024,72,185
1630191_2024,80,250
1631209_2024,75,185
1627826_2024,84,240
1631120_2024,73,195
1630550_2024,81,203
1629630_2024,74,174
1642266_2024,77,180
1631095_2024,82,220
1631133_2024,79,237
1629098_2024,80,215
1642050_2024,79,210
1631210_2024,80,200
1630702_2024,75,198
1631093_2024,76,195
1630183_2024,81,185
1630531_2024,76,202
203109_2024,78,235
1630256_2024,76,230
1626143_2024,82,270
1642443_2024,73,185
1631170_2024,78,225
1631222_2024,79,235
1627751_2024,84,260
1641779_2024,80,225
1628973_2024,74,190
1631105_2024,82,250
1630224_2024,76,186
1641720_2024,77,210
1630552_2024,80,219
1629667_2024,81,190
1629618_2024,74,202
1630188_2024,81,215
1630591_2024,77,205
1631114_2024,77,211
1630592_2024,78,220
1631288_2024,78,191
1627750_2024,76,215
1642347_2024,73,200
1631123_2024,74,180
201935_2024,77,220
201949_2024,79,240
1630164_2024,83,240
1642419_2024,79,220
1641716_2024,79,235
1630215_2024,75,193
1642272_2024,75,195
1631197_2024,77,210
1628991_2024,82,242
1629020_2024,80,214
1628386_2024,81,243
1629750_2024,77,205
1629637_2024,84,220
1630643_2024,85,240
1627759_2024,78,223
1641740_2024,76,205
1641798_2024,78,216
1629669_2024,76,201
1631301_2024,78,210
1642377_2024,80,
1631119_2024,81,240
1642281_2024,78,215
1628369_2024,80,210
1641789_2024,74,184
1630288_2024,75,177
201145_2024,80,235
203924_2024,79,210
1630526_2024,80,240
1631110_2024,80,230
1630579_2024,82,250
1642399_2024,84,236
1641724_2024,78,215
1628975_2024,73,200
202710_2024,79,230
1629111_2024,83,255
204060_2024,80,220
203954_2024,84,280
1628381_2024,81,226
1629723_2024,77,210
1631098_2024,76,195
1642277_2024,81,200
1630548_2024,77,226
202685_2024,83,265
1628371_2024,82,230
1630228_2024,79,225
1642367_2024,81,225
203903_2024,75,194
1630692_2024,77,215
1641722_2024,77,190
1629162_2024,72,185
1641757_2024,77,194
1629673_2024,76,194
1641775_2024,78,205
1630631_2024,72,179
1630528_2024,76,215
1630581_2024,80,216
1630182_2024,77,200
1628404_2024,76,215
1631169_2024,80,205
1629006_2024,76,213
1626196_2024,77,200
201950_2024,76,205
1630577_2024,79,217
1641763_2024,80,198
1631124_2024,78,205
203944_2024,81,250
1630551_2024,78,206
1642348_2024,79,203
1631303_2024,77,205
203994_2024,84,290
1630231_2024,78,215
1642354_2024,72,189
1630539_2024,83,221
1626157_2024,84,248
1631255_2024,82,231
202695_2024,79,225
1630811_2024,75,185
1631099_2024,80,225
1631232_2024,79,210
1642276_2024,84,230
1629640_2024,77,220
203482_2024,83,240
1626162_2024,80,203
1629026_2024,78,210
203484_2024,77,204
1631165_2024,76,175
1630553_2024,77,185
1642352_2024,79,225
1630556_2024,79,203
201142_2024,83,240
1628989_2024,79,198
1628995_2024,80,215
201567_2024,80,251
1641755_2024,78,210
1629645_2024,76,203
1626172_2024,81,222
1641718_2024,76,185
203114_2024,79,222
1630165_2024,77,195
202691_2024,77,220
1641738_2024,79,250
1641723_2024,76,195
1627739_2024,75,205
1631200_2024,80,216
204001_2024,86,240
203937_2024,81,230
1642271_2024,83,250
1628398_2024,81,221
200768_2024,72,196
1630283_2024,84,215
202681_2024,74,195
1642273_2024,80,200
1630163_2024,79,180
1630205_2024,79,230
1629013_2024,76,190
1626204_2024,80,245
1628374_2024,84,240
2544_2024,81,250
1631159_2024,82,220
1631311_2024,76,208
1641857_2024,84,250
1630322_2024,78,210
1629022_2024,76,204
1628366_2024,78,190
1629652_2024,76,220
1629029_2024,78,230
1630568_2024,82,243
1628379_2024,77,206
1628436_2024,85,250
1631247_2024,79,207
1630644_2024,74,185
1630201_2024,73,185
1631103_2024,76,180
1627763_2024,76,229
1642502_2024,81,210
1627736_2024,76,187
1628370_2024,75,200
1630699_2024,79,199
1630542_2024,78,217
1630585_2024,77,205
1631204_2024,74,195
203935_2024,75,220
1631109_2024,84,240
1628365_2024,76,209
202693_2024,81,245
1628963_2024,82,235
1630222_2024,76,200
203486_2024,82,254
1641824_2024,82,209
1629680_2024,77,201
1630346_2024,78,215
1631108_2024,77,190
1629622_2024,77,215
1628467_2024,82,240
1641721_2024,79,215
1630695_2024,81,248
1629008_2024,82,218
1628969_2024,78,209
201144_2024,72,175
1628970_2024,79,225
1630540_2024,73,195
1641936_2024,79,220
1629011_2024,84,240
1628964_2024,84,231
1628420_2024,74,183
1629021_2024,83,245
1629650_2024,86,258
1630541_2024,77,211
1631243_2024,82,210
1631217_2024,81,210
1626167_2024,83,250
1642368_2024,83,230
1641772_2024,82,210
1630230_2024,78,220
1631466_2024,77,205
1629675_2024,81,264
1629674_2024,84,248
1629651_2024,83,215
1630208_2024,84,245
1641733_2024,74,185
1629638_2024,77,205
201587_2024,80,230
203999_2024,83,284
1631107_2024,82,205
202696_2024,82,260
1641730_2024,81,210
1626181_2024,76,215
1628384_2024,79,240
1630167_2024,81,220
1630534_2024,77,215
1641765_2024,79,230
1630168_2024,82,240
1631115_2024,82,235
1631131_2024,80,255
1629052_2024,79,210
1642345_2024,84,235
1631172_2024,81,185
200782_2024,77,245
1629023_2024,78,230
1628408_2024,78,205
1641790_2024,82,245
1642359_2024,80,210
1631094_2024,82,250
1627783_2024,80,245
1626192_2024,77,209
1630311_2024,75,205
1631116_2024,81,220
1630172_2024,79,215
201988_2024,74,180
202331_2024,80,220
1630194_2024,81,210
1630202_2024,73,195
1641796_2024,77,215
1631250_2024,82,225
1631212_2024,79,200
1630762_2024,80,185
1630173_2024,80,243
1629656_2024,76,210
1631245_2024,77,173
1642439_2024,75,200
1642366_2024,84,238
1629628_2024,78,214
1642484_2024,74,180
1641712_2024,78,195
1641736_2024,75,190
1642263_2024,74,185
202704_2024,74,208
1626158_2024,81,235
1641741_2024,78,207
1642434_2024,79,230
1642265_2024,75,175
1629057_2024,81,249
1631199_2024,76,233
1641842_2024,80,206
1626220_2024,78,226
203497_2024,85,258
1629060_2024,80,230
201566_2024,76,200
1642346_2024,80,216
1631157_2024,75,180
1630573_2024,79,217
1630241_2024,76,205
1630572_2024,81,240
1630583_2024,84,215
1630703_2024,75,206
1630567_2024,79,237
1630590_2024,73,170
203552_2024,73,185
1631101_2024,77,208
1628983_2024,78,195
1629003_2024,77,205
1631321_2024,78,200
1631323_2024,79,209
1627746_2024,82,235
203915_2024,77,215
1642461_2024,79,225
1630649_2024,78,210
201939_2024,74,185
1642264_2024,78,215
203500_2024,83,265
1629004_2024,79,205
204456_2024,73,190
201959_2024,81,232
1629659_2024,76,234
1631106_2024,80,215
1627752_2024,78,218
1641707_2024,81,215
1631386_2024,77,195
1629611_2024,77,215
1629056_2024,76,201
1630545_2024,78,215
1626179_2024,73,190
1630678_2024,76,230
1628418_2024,82,248
1642275_2024,80,207
203501_2024,77,205
202699_2024,80,226
1642449_2024,83,
1628396_2024,83,248
1628470_2024,77,221
1641787_2024,79,217
1641739_2024,79,229
1629027_2024,73,164
1631218_2024,81,245
1630200_2024,73,185
1630544_2024,75,178
1630570_2024,80,237
1642280_2024,81,185
1630243_2024,77,190
1641725_2024,76,185
1641998_2024,83,270
1626168_2024,81,234
1630530_2024,80,206
202684_2024,81,254
1641774_2024,84,220
1641783_2024,80,217
1641803_2024,77,190
1629660_2024,77,195
1631102_2024,75,195
1629639_2024,77,195
1642278_2024,75,195
1641890_2024,81,224
1630169_2024,77,185
1631213_2024,78,215
1630178_2024,74,200
1630623_2024,74,200
1626145_2024,73,196
1642279_2024,83,235
203995_2024,75,188
1641705_2024,87,235
1631246_2024,76,205
1628427_2024,80,236
1630249_2024,80,195
1631117_2024,84,245
1628976_2024,82,270
1631111_2024,77,215
1630214_2024,79,245
1642530_2024,68,159
1641879_2024,72,190
1642274_2024,83,235
1642258_2024,80,200
1628380_2024,83,250
1641744_2024,88,305
203897_2024,77,200
1630192_2024,81,240
1630533_2024,81,185
1629627_2024,78,284
1642389_2024,76,206
1630639_2025,78,179
1631260_2025,76,190
1642358_2025,77,160
203932_2025,80,235
1628988_2025,72,185
1630174_2025,77,215
1630598_2025,77,190
1642846_2025,81,200
1642380_2025,79,190
1641737_2025,82,235
1642876_2025,79,220
1642349_2025,76,190
201143_2025,80,240
1630828_2025,80,214
1627936_2025,77,186
1631457_2025,78,210
1642259_2025,84,205
1642918_2025,74,210
1631214_2025,76,210
1630578_2025,83,243
1642873_2025,83,250
1641708_2025,79,200
1629599_2025,79,210
1643158_2025,79,220
203083_2025,83,279
1641748_2025,78,209
1629614_2025,76,191
203952_2025,78,197
1629014_2025,75,200
1641710_2025,79,200
203076_2025,82,253
1630162_2025,76,225
1630264_2025,79,230
1641810_2025,77,205
1630574_2025,84,246
1642854_2025,82,220
1641709_2025,79,205
1630559_2025,77,197
1630245_2025,76,201
1628389_2025,81,255
1631248_2025,78,205
1642879_2025,78,200
1641767_2025,78,190
1631097_2025,77,210
1643016_2025,76,185
1641731_2025,79,195
202687_2025,80,255
1642396_2025,80,230
1631104_2025,76,190
1626171_2025,81,250
1641752_2025,81,225
203992_2025,77,225
1630538_2025,74,169
203078_2025,76,207
1642382_2025,84,220
1641764_2025,76,205
1629634_2025,80,215
1627742_2025,80,190
1641706_2025,79,200
1630314_2025,73,190
1641729_2025,78,235
1642355_2025,74,210
201572_2025,85,282
1642964_2025,77,230
1628971_2025,76,202
1631121_2025,78,190
1642267_2025,76,190
1631205_2025,77,205
1627741_2025,76,220
1643047_2025,83,230
203468_2025,75,190
1630595_2025,78,220
1631216_2025,80,205
1631126_2025,75,212
1628997_2025,77,205
1642353_2025,77,190
1642285_2025,75,205
1630560_2025,75,210
1641715_2025,78,230
1629661_2025,80,210
1626166_2025,74,183
1627747_2025,79,205
1642868_2025,78,220
1641717_2025,75,195
1642907_2025,77,206
1643052_2025,79,220
1629646_2025,82,230
1642404_2025,75,206
1631096_2025,85,208
1628449_2025,80,200
1641753_2025,78,220
1643024_2025,76,209
101108_2025,72,175
1642959_2025,76,
1631128_2025,78,220
1631132_2025,83,225
1642935_2025,72,190
203991_2025,82,256
1629632_2025,76,210
1628998_2025,78,205
1642262_2025,80,190
1641732_2025,78,207
1630175_2025,74,185
1630658_2025,82,250
1631221_2025,73,195
1642867_2025,79,245
1629012_2025,75,190
1642843_2025,81,205
1630557_2025,78,224
1642504_2025,77,205
1641854_2025,73,180
1642938_2025,75,195
1626156_2025,75,193
1629610_2025,77,222
1641747_2025,81,225
1631342_2025,76,216
1630625_2025,80,203
1631207_2025,78,210
1642261_2025,78,215
1629655_2025,82,265
1642450_2025,76,165
1642874_2025,83,250
203967_2025,82,225
1641727_2025,78,220
1642468_2025,74,192
1629636_2025,73,192
1642357_2025,76,210
1631223_2025,77,255
1630558_2025,72,202
1630549_2025,82,265
1628368_2025,75,185
1629631_2025,79,221
1629001_2025,74,200
201599_2025,83,265
1630610_2025,77,185
201942_2025,78,220
1629731_2025,81,228
1629028_2025,84,252
1627749_2025,76,180
1630166_2025,80,228
203471_2025,73,175
1641726_2025,85,230
1642852_2025,81,250
1627884_2025,78,210
1628401_2025,76,190
1630217_2025,78,215
1626164_2025,77,206
1642269_2025,74,195
1630170_2025,77,200
1628415_2025,79,225
1641794_2025,77,235
1627734_2025,82,240
1631230_2025,81,224
1642270_2025,86,280
1628378_2025,74,215
1628978_2025,76,203
1627827_2025,79,220
203926_2025,79,225
1642962_2025,77,195
203110_2025,78,230
1629234_2025,82,245
1641809_2025,80,205
1631166_2025,81,235
1630696_2025,74,203
1629130_2025,79,215
1641871_2025,81,245
203939_2025,82,240
1642928_2025,82,255
1642844_2025,77,215
1630700_2025,79,199
1630604_2025,78,240
1642856_2025,80,200
1641989_2025,75,195
1641801_2025,77,215
1642402_2025,81,220
201569_2025,75,215
1630679_2025,76,195
1630596_2025,83,215
1630532_2025,82,220
1641713_2025,81,210
1629216_2025,74,200
202066_2025,77,195
1629726_2025,77,215
203914_2025,76,210
1627780_2025,74,195
1629018_2025,77,204
203507_2025,83,243
1629048_2025,83,250
1641711_2025,79,200
1641761_2025,84,215
1629684_2025,79,236
1628960_2025,75,198
1627824_2025,79,265
1630611_2025,79,185
203084_2025,79,225
1631127_2025,77,230
1643060_2025,76,190
1629312_2025,77,220
1630529_2025,79,206
1642864_2025,78,200
1630621_2025,85,255
1642282_2025,76,185
1641816_2025,80,215
1630193_2025,74,190
1642403_2025,80,245
1630171_2025,76,225
1642268_2025,76,210
1642384_2025,78,220
1628392_2025,84,250
1630543_2025,80,205
1630198_2025,76,165
1630587_2025,78,232
1641815_2025,71,185
1630191_2025,80,250
1627826_2025,84,240
1631120_2025,73,195
1629630_2025,74,174
1642266_2025,76,180
1631095_2025,83,220
1631133_2025,79,237
1631210_2025,81,200
1630702_2025,75,198
1631093_2025,75,195
1630183_2025,81,185
1630256_2025,76,230
1642942_2025,76,203
1642443_2025,72,185
1643141_2025,79,
1631170_2025,78,225
1631222_2025,79,235
1627751_2025,84,253
1628973_2025,74,190
1631105_2025,82,250
1630224_2025,76,186
1630552_2025,80,219
1629618_2025,74,202
1641771_2025,79,215
1630188_2025,80,244
1630591_2025,77,205
1631114_2025,77,211
1630592_2025,78,220
1631288_2025,79,191
1627750_2025,76,215
1642347_2025,73,200
1631123_2025,74,180
201935_2025,77,220
1630164_2025,83,240
1642364_2025,78,210
1642419_2025,79,220
1641716_2025,79,235
1642272_2025,75,195
1628991_2025,82,242
1629020_2025,80,214
1628386_2025,81,243
1642859_2025,73,180
1642914_2025,73,190
1631451_2025,78,185
1629750_2025,77,205
1629637_2025,84,220
1630643_2025,85,240
1627759_2025,78,223
1641740_2025,77,205
1642377_2025,79,
1631119_2025,81,240
1642281_2025,78,215
1643257_2025,80,215
1628369_2025,80,210
201145_2025,80,235
203924_2025,79,213
1642847_2025,75,190
1630526_2025,81,240
1631110_2025,80,230
1630579_2025,82,250
1641724_2025,80,215
1628975_2025,72,190
202710_2025,78,230
1642866_2025,83,230
1629111_2025,83,255
204060_2025,80,220
203954_2025,84,270
1628381_2025,81,226
1629723_2025,77,210
1642967_2025,78,205
1642910_2025,76,218
1641780_2025,81,244
1642277_2025,80,200
1630548_2025,79,226
202685_2025,83,265
1628371_2025,82,230
1630228_2025,79,225
1642367_2025,81,225
203903_2025,77,194
1630692_2025,75,215
1641722_2025,77,190
1629162_2025,71,185
1641757_2025,77,194
1629673_2025,76,194
1641775_2025,78,205
1630631_2025,72,179
1630581_2025,79,214
1630182_2025,78,200
1628404_2025,77,215
1631169_2025,80,205
1642490_2025,81,240
1629006_2025,76,213
201950_2025,76,220
1630577_2025,79,217
1641763_2025,78,201
1642882_2025,81,230
1631124_2025,78,205
203944_2025,81,250
1630551_2025,78,206
1642348_2025,79,217
203994_2025,83,290
1642354_2025,74,189
1642955_2025,78,205
1642880_2025,76,200
1626157_2025,84,248
1631255_2025,82,231
1642857_2025,77,200
202695_2025,78,225
1630811_2025,75,185
1631099_2025,80,225
1642276_2025,84,230
1629640_2025,78,220
203482_2025,84,240
1626162_2025,80,210
1631113_2025,72,170
1629026_2025,79,210
203484_2025,77,204
1631165_2025,76,175
1642352_2025,78,225
1642933_2025,76,200
201142_2025,83,240
1628989_2025,78,190
201567_2025,82,251
1641755_2025,78,210
1629645_2025,77,203
1626172_2025,81,222
1641718_2025,76,185
1642863_2025,85,250
203114_2025,79,222
1630165_2025,76,195
202691_2025,77,220
1641738_2025,79,250
1641723_2025,76,195
1642920_2025,80,207
1642886_2025,77,215
1642851_2025,78,215
1627739_2025,75,205
1631200_2025,80,218
204001_2025,86,240
203937_2025,80,230
1642271_2025,83,250
1628398_2025,80,221
200768_2025,72,196
1642273_2025,80,200
1643018_2025,72,
1630163_2025,79,180
1642950_2025,80,236
1629013_2025,77,190
1626204_2025,78,245
1628374_2025,85,240
1643133_2025,84,
2544_2025,81,250
1641778_2025,78,209
1631159_2025,82,220
1642862_2025,79,210
1630322_2025,77,210
1628366_2025,77,190
1631351_2025,76,205
1629652_2025,76,220
1629029_2025,80,230
1630568_2025,82,243
1628379_2025,77,206
1628436_2025,85,250
1631247_2025,78,207
1630644_2025,74,185
1641869_2025,76,205
1631103_2025,76,180
1642502_2025,81,210
1628370_2025,75,200
1630699_2025,79,199
1631204_2025,73,195
203935_2025,75,220
1641813_2025,72,185
1631109_2025,85,240
1628365_2025,76,209
1628963_2025,82,235
203486_2025,84,254
1641824_2025,80,196
1629680_2025,77,202
1631108_2025,77,190
1642917_2025,76,210
1629622_2025,77,215
1628467_2025,82,240
1642875_2025,85,250
1642877_2025,79,215
1630695_2025,81,248
1629008_2025,82,218
1628969_2025,78,209
201144_2025,73,175
1628970_2025,79,225
1642939_2025,76,190
1630540_2025,74,195
1629011_2025,84,240
1628964_2025,84,231
1642885_2025,81,225
1628420_2025,74,183
1629021_2025,83,245
1630541_2025,77,211
1631338_2025,81,210
1631243_2025,83,210
1630619_2025,83,220
1631217_2025,82,210
1626167_2025,83,250
1642066_2025,77,220
1642368_2025,83,230
1641772_2025,80,210
1630230_2025,78,220
1631466_2025,77,205
1629675_2025,81,264
1629674_2025,84,248
1629651_2025,83,215
1630208_2025,83,245
1641733_2025,74,185
1629638_2025,77,205
201587_2025,79,230
1628502_2025,79,254
203999_2025,83,284
1631107_2025,82,205
1642260_2025,78,200
202696_2025,81,265
1642363_2025,77,175
1642855_2025,80,194
1641730_2025,82,210
1642869_2025,79,215
1642849_2025,75,185
1641807_2025,79,248
1626181_2025,75,215
1628384_2025,79,240
1630167_2025,81,220
1630534_2025,77,215
1630846_2025,82,240
1641765_2025,79,230
1630209_2025,83,275
1630168_2025,82,240
1631115_2025,82,235
1631131_2025,80,255
1642345_2025,83,235
1631172_2025,81,185
1629023_2025,79,230
1641790_2025,80,245
1642359_2025,81,210
1631094_2025,82,250
1627783_2025,80,245
1626192_2025,77,209
1630311_2025,74,205
1631116_2025,84,220
1630172_2025,78,235
202331_2025,80,230
1630194_2025,81,210
1630202_2025,73,195
1642362_2025,79,215
1641796_2025,77,215
1631250_2025,81,225
1631212_2025,80,200
1630173_2025,80,243
1629656_2025,77,207
1631245_2025,76,173
1642366_2025,84,238
1629628_2025,78,214
1642853_2025,81,240
1642484_2025,73,180
1641712_2025,79,205
1642263_2025,74,185
1642434_2025,79,230
1642265_2025,74,175
1629057_2025,81,249
1642911_2025,87,227
1631199_2025,77,233
1641842_2025,80,206
1626220_2025,78,226
203497_2025,85,258
1629060_2025,80,230
201566_2025,76,200
1642346_2025,79,216
1641750_2025,85,256
1642948_2025,71,180
1631157_2025,75,180
1630180_2025,80,215
1630573_2025,79,217
1630241_2025,76,205
1630572_2025,81,240
1630583_2025,84,215
1630703_2025,75,207
1630567_2025,80,237
1630590_2025,74,170
1642951_2025,73,195
203552_2025,73,185
1631101_2025,77,210
1628983_2025,78,195
1630536_2025,72,176
1631321_2025,78,220
1631323_2025,79,209
1642883_2025,77,220
1627746_2025,82,235
1642461_2025,79,225
1630649_2025,78,210
201939_2025,74,185
1642264_2025,78,215
203500_2025,83,265
1629004_2025,79,205
204456_2025,73,190
1643007_2025,75,185
201959_2025,81,232
1631106_2025,80,215
1627752_2025,78,218
1641707_2025,81,215
1629611_2025,78,215
1630545_2025,78,215
203648_2025,79,219
1628418_2025,81,248
1642275_2025,82,207
203501_2025,77,205
202699_2025,80,226
1643253_2025,80,210
1642449_2025,83,
1628396_2025,82,248
1641787_2025,80,217
1641739_2025,79,230
1629027_2025,74,164
1631218_2025,81,245
1642848_2025,77,190
1630200_2025,73,190
1630544_2025,76,178
1630570_2025,80,245
1642280_2025,81,185
1630286_2025,80,225
1631211_2025,75,215
1641725_2025,77,185
1641998_2025,82,270
1630530_2025,80,206
1642400_2025,79,220
1641774_2025,84,220
1641783_2025,80,217
1641803_2025,77,190
1629660_2025,77,195
1631102_2025,75,195
1631174_2025,79,215
1629639_2025,77,195
1642278_2025,74,195
1641890_2025,81,224
1631213_2025,78,215
1630178_2025,74,200
1642878_2025,76,185
1630623_2025,72,200
1626145_2025,72,196
1642845_2025,76,190
1641705_2025,88,235
1631246_2025,76,205
1642884_2025,84,250
1630249_2025,80,195
1631117_2025,86,245
1642383_2025,76,195
1628976_2025,82,270
1631111_2025,77,215
1642954_2025,75,206
1642860_2025,81,180
1630214_2025,80,245
1642905_2025,85,270
1642949_2025,83,242
1642530_2025,67,159
1642274_2025,83,235
1642258_2025,80,200
1628380_2025,81,240
1641744_2025,87,305
203897_2025,77,200
1630192_2025,82,240
1630533_2025,81,185
1629627_2025,78,284
1642389_2025,76,206
